Jogo;Provedor;Categoria
"Joker's Bar";1x2;Slot
"Diamond Supercharge 3x5";1x2;Slot
"Prospector Wilds Wild Carts";1x2;Slot
"3 Wicked Devils";1x2;Slot
"Train Strike Hold and Win";1x2;Slot
"Sweet Candy Blitz";1x2;Slot
"Alladin's Treasure";Amatic;Slot
"Fruits And Coins";Amigo Gaming;Instant Win
"Sunshine Fruits";Amigo Gaming;Slot
"Thunder and Love";Amigo Gaming;Slot
"Hearts Go Wild";Amigo Gaming;Slot
"Easy Cash";Amigo Gaming;Slot
"Dice Club";Amigo Gaming;Ao Vivo
"Cube Guys";Amigo Gaming;Slot
"Amigo Wild Luck";Amigo Gaming;Slot
"Amigo Mighty Stars";Amigo Gaming;Slot
"88 Hot Pot";Amigo Gaming;Slot
"Penguin Holidays";Amigo Gaming;Slot
"Ocean Journey";Amigo Gaming;Slot
"Gold of Mermaid";Amigo Gaming;Slot
"Voodoo Charms";Amigo Gaming;Slot
"Rainbow Lands";Amigo Gaming;Slot
"Mystery Lady";Amigo Gaming;Slot
"Mega Mushrooms";Amigo Gaming;Slot
"Lamp of Wishes";Amigo Gaming;Slot
"Golden Cloverfield";Amigo Gaming;Slot
"Fortune Love";Amigo Gaming;Slot
"Fortune Bros";Amigo Gaming;Slot
"Diamond Raid";Amigo Gaming;Slot
"Crystal Hunters";Amigo Gaming;Slot
"Clover Hell";Amigo Gaming;Slot
"Candy Time";Amigo Gaming;Slot
"12 Fortune Signs";Amigo Gaming;Slot
"1001 Fruit Wishes";Amigo Gaming;Slot
"Splash Clash";Amigo Gaming;Slot
"1st Cricket League";Amigo Gaming;Slot
"Vip Fruits";Amigo Gaming;Slot
"Sunshine Fruitas";Amigo Gaming;Slot
"Luxury Fruits";Amigo Gaming;Slot
"Fruit Eruption";Amigo Gaming;Slot
"El Dorado Fruits";Amigo Gaming;Slot
"Warage Online";Amigo Gaming;Slot
"Most Wanted";Amigo Gaming;Slot
"Wanted10";Amigo Gaming;Slot
"Miamix";Amigo Gaming;Slot
"Max Fury";Amigo Gaming;Slot
"Galaxy Chase";Amigo Gaming;Slot
"Cybercats 2088";Amigo Gaming;Slot
"Crime Town";Amigo Gaming;Slot
"Wild Coyote";Amigo Gaming;Slot
"Samurai Cats";Amigo Gaming;Slot
"Rabbit Bonanza";Amigo Gaming;Slot
"Punky Monkey";Amigo Gaming;Slot
"Miss Neko";Amigo Gaming;Slot
"Lion Kingdom";Amigo Gaming;Slot
"Jaguar Treasures";Amigo Gaming;Slot
"Golden Toro";Amigo Gaming;Slot
"Elephant Splash";Amigo Gaming;Slot
"Eagle Wilds";Amigo Gaming;Slot
"Burning Phoenix";Amigo Gaming;Slot
"Animal Housing";Amigo Gaming;Slot
"Viking's Quest";Amigo Gaming;Slot
"Vasco Da Gama";Amigo Gaming;Slot
"Thai Charm";Amigo Gaming;Slot
"Nostradamus The Prophet";Amigo Gaming;Slot
"Fiesta De Los Muertos";Amigo Gaming;Slot
"Destiny Dragon";Amigo Gaming;Slot
"Carnevale Di Venezia";Amigo Gaming;Slot
"Buddha Gold";Amigo Gaming;Slot
"American Spirit";Amigo Gaming;Slot
"Ali Baba's Bounty";Amigo Gaming;Slot
"Hellcards Scratch";Amigo Gaming;Scratchcard
"9 Circles Of Hell";Amigo Gaming;Slot
"Hades Power";Amigo Gaming;Slot
"Gods Of Sand";Amigo Gaming;Slot
"Barbarian Stash";Amigo Gaming;Slot
"Arena";Amigo Gaming;Slot
"Alexander's Fortune";Amigo Gaming;Slot
"Fortune Bags Dice";Amigo Gaming;Ao Vivo
"Fortune Bags";Amigo Gaming;Slot
"Gift Mania";Amigo Gaming;Slot
"Gift Store";Amigo Gaming;Slot
"Chili Xxx";Amigo Gaming;Slot
"Super Chili";Amigo Gaming;Slot
"Amigo Monkey 2";Amigo Gaming;Slot
"Amigo Monkey";Amigo Gaming;Slot
"1000 Moon Girls";Amigo Gaming;Slot
"Moon Girls";Amigo Gaming;Slot
"1000 Olympus Rivals";Amigo Gaming;Slot
"Olympus Rivals";Amigo Gaming;Slot
"Olympus Destiny";Amigo Gaming;Slot
"Olympus Blessing";Amigo Gaming;Slot
"Wildfire Joker";Amigo Gaming;Slot
"Vampire Joker";Amigo Gaming;Slot
"Jokers Joy";Amigo Gaming;Slot
"Joker's Twist";Amigo Gaming;Slot
"Joker Empire";Amigo Gaming;Slot
"Coinboy Riches";Amigo Gaming;Slot
"Coinboy";Amigo Gaming;Slot
"Skull Coins";Amigo Gaming;Instant Win
"Sizzling Coins";Amigo Gaming;Instant Win
"Piggy Coins";Amigo Gaming;Instant Win
"Fruits & Coins";Amigo Gaming;Instant Win
"Epic Coins";Amigo Gaming;Instant Win
"Beat Coin";Amigo Gaming;Slot
"Xmas Invaders";Amigo Gaming;Slot
"Royal Invaders";Amigo Gaming;Slot
"Fruit Invaders";Amigo Gaming;Slot
"Dice Invaders";Amigo Gaming;Ao Vivo
"5 Fruit Invaders";Amigo Gaming;Slot
"Book Of Zeus 2";Amigo Gaming;Slot
"Book Of Zeus";Amigo Gaming;Slot
"Book Of Sorcery";Amigo Gaming;Slot
"Book Of Jurassic";Amigo Gaming;Slot
"Book Of Amigo";Amigo Gaming;Slot
"3 Totem Animals";Amigo Gaming;Slot
"3 Tombs";Amigo Gaming;Slot
"3 Spirit Volcanoes";Amigo Gaming;Slot
"3 Pharaohs";Amigo Gaming;Slot
"3 Muertos";Amigo Gaming;Slot
"3 Lucky Idols";Amigo Gaming;Slot
"3 Frozen Crowns";Amigo Gaming;Slot
"3 Energy Crowns";Amigo Gaming;Slot
"3 Fortune Souls";Amigo Gaming;Slot
"Sun Crown";Amigo Gaming;Slot
"Mega Crown";Amigo Gaming;Slot
"Kingdom Crown";Amigo Gaming;Slot
"Frozen Crown";Amigo Gaming;Slot
"Blazing Crown Dice";Amigo Gaming;Ao Vivo
"Blazing Crown Deluxe";Amigo Gaming;Slot
"Blazing Crown";Amigo Gaming;Slot
"Amigo Multifruits";Amigo Gaming;Slot
"Amigo Lucky Fruits Pin Win";Amigo Gaming;Slot
"Amigo Lucky Fruits";Amigo Gaming;Slot
"Amigo Fruits 5";Amigo Gaming;Slot
"Amigo Hot Classic";Amigo Gaming;Slot
"Amigo Double Classic";Amigo Gaming;Slot
"Amigo Gold Classic";Amigo Gaming;Slot
"Amigo Silver Classic";Amigo Gaming;Slot
"Amigo Bronze Classic";Amigo Gaming;Slot
"Regal Fruits 100";Amigo Gaming;Slot
"Regal Crown 100";Amigo Gaming;Slot
"Regal Crown 50";Amigo Gaming;Slot
"Regal Crown 25";Amigo Gaming;Slot
"Regal Fruits 1000";Amigo Gaming;Slot
"Regal Fruits 40";Amigo Gaming;Slot
"Regal Fruits 20";Amigo Gaming;Slot
"Regal Fruits 5";Amigo Gaming;Slot
"Amigo Hot 100";Amigo Gaming;Slot
"Amigo Hot 40";Amigo Gaming;Slot
"Amigo Hot 20";Amigo Gaming;Slot
"40 Power Hot Dice Edition";Amusnet;Ao Vivo
"Queen Of Rio";Amusnet;Slot
"Richness Dice";Amusnet;Ao Vivo
"Rise Of Ra";Amusnet;Slot
"Royal Secrets";Amusnet;Slot
"Secrets Of Cairo";Amusnet;Slot
"Shining Crown";Amusnet;Slot
"Shining Crown Buy Bonus";Amusnet;Slot
"Sparta Legend";Amusnet;Slot
"30 Spicy Fruits";Amusnet;Slot
"Stoichkov #8";Amusnet;Slot
"Super 20";Amusnet;Slot
"Supreme Hot";Amusnet;Slot
"Vampire Night";Amusnet;Slot
"Virtual Monaco Roulette";Amusnet;Mesa RNG
"Virtual Roulette";Amusnet;Mesa RNG
"Virtual Space Roulette";Amusnet;Mesa RNG
"Volcano Wealth";Amusnet;Slot
"Water Dice";Amusnet;Ao Vivo
"Wenshi Lion";Amusnet;Slot
"81 Wins";Amusnet;Slot
"Zodiac Wheel";Amusnet;Slot
"5 Great Star";Amusnet;Slot
"Great Adventure";Amusnet;Slot
"Gold & Crystals";Amusnet;Slot
"5 Glossy Dice";Amusnet;Ao Vivo
"20 Golden Coins Dice Edition";Amusnet;Instant Win
"40 Golden Coins Dice Edition";Amusnet;Instant Win
"Fast Money";Amusnet;Slot
"Fruity Time";Amusnet;Slot
"Fruits & Gold Dice";Amusnet;Ao Vivo
"Frog Story";Amusnet;Slot
"Flaming Hot";Amusnet;Slot
"Extremely Hot";Amusnet;Slot
"Emperors Palace";Amusnet;Slot
"Easter Frog Dice";Amusnet;Ao Vivo
"2 Dragons";Amusnet;Slot
"Dragon Reels";Amusnet;Slot
"Dorothys Fairyland";Amusnet;Slot
"Dice Ways";Amusnet;Ao Vivo
"Dice Vikings";Amusnet;Ao Vivo
"Dice Plus";Amusnet;Ao Vivo
"Dice Of Sherwood";Amusnet;Ao Vivo
"Dice & Dinosaurs";Amusnet;Ao Vivo
"Diamond Plus Football Edition";Amusnet;Slot
"Diamond Plus";Amusnet;Slot
"5 Diamond Plus";Amusnet;Slot
"40 Diamond Plus";Amusnet;Slot
"20 Diamond Plus";Amusnet;Slot
"5 Dazzling Hot";Amusnet;Slot
"20 Dazzling Hot";Amusnet;Slot
"Dancing Dead";Amusnet;Slot
"Virtual Vegas Roulette";Amusnet;Mesa RNG
"Coin Gobbler Christmas Edition";Amusnet;Slot
"Coin Gobbler";Amusnet;Slot
"Cocktail Dice";Amusnet;Ao Vivo
"Clover Islands";Amusnet;Slot
"Cavemen And Dinosaurs";Amusnet;Slot
"Casino Mania";Amusnet;Slot
"Caramel Hot";Amusnet;Slot
"Candy Palace";Amusnet;Slot
"40 Bulky Dice 6 Reels";Amusnet;Ao Vivo
"40 Bulky Dice";Amusnet;Ao Vivo
"20 Bulky Dice";Amusnet;Ao Vivo
"Book Of Magic";Amusnet;Slot
"Blue Heart";Amusnet;Slot
"Bier Ometer";Amusnet;Slot
"Aztec Forest";Amusnet;Slot
"50 Amazons Battle";Amusnet;Slot
"Age Of Troy";Amusnet;Slot
"7 & Crystals Dice";Amusnet;Ao Vivo
"7 & Crystals";Amusnet;Slot
"Bulky Dice";Amusnet;Ao Vivo
"Vampire Beast";Amusnet;Slot
"20 Vampire Beast";Amusnet;Slot
"40 Super Hot";Amusnet;Slot
"20 Super Hot";Amusnet;Slot
"5 Power Hot";Amusnet;Slot
"40 Power Hot";Amusnet;Slot
"20 Power Hot";Amusnet;Slot
"40 Golden Coins";Amusnet;Instant Win
"20 Golden Coins";Amusnet;Instant Win
"5 Extra Crown";Amusnet;Slot
"Burning Hot";Amusnet;Slot
"5 Burning Heart";Amusnet;Slot
"40 Bulky Fruits 6 Reels";Amusnet;Slot
"Bulky Fruits";Amusnet;Slot
"40 Bulky Fruits";Amusnet;Slot
"20 Bulky Fruits";Amusnet;Slot
"Circus Brilliant";Amusnet;Slot
"Caramelo Sortudo";Amusnet;Slot
"40 Burning Hot";Amusnet;Slot
"20 Burning Hot";Amusnet;Slot
"100 Super Hot";Amusnet;Slot
"100 Power Hot Dice Edition";Amusnet;Ao Vivo
"100 Golden Coins Dice Edition";Amusnet;Instant Win
"100 Power Hot";Amusnet;Slot
"100 Golden Coins";Amusnet;Instant Win
"100 Extra Crown 6 Reels";Amusnet;Slot
"100 Extra Crown";Amusnet;Slot
"100 Cats";Amusnet;Slot
"100 Bulky Fruits";Amusnet;Slot
"100 Burning Hot";Amusnet;Slot
"10 Vampire Beast";Amusnet;Slot
"10 Power Hot";Amusnet;Slot
"10 Burning Heart";Amusnet;Slot
"10 Bulky Fruits";Amusnet;Slot
"Money Maker";Bgaming;Slot
"Multi Rush";Bgaming;Slot
"Sweet Samurai";Bgaming;Slot
"Kicker Mania";Bgaming;Slot
"Frenzy Clusters";Bgaming;Slot
"Fishing Time";Bgaming;Slot
"Dusty Duel";Bgaming;Slot
"Gemhalla";Bgaming;Slot
"Football Plinko";Bgaming;Instant Win
"Soccermania";Bgaming;Slot
"Penalty Duel";Bgaming;Instant Win
"Ultras";Bgaming;Slot
"Derby Rush";Bgaming;Slot
"Fishing Club 2";Bgaming;Slot
"Tramp Day Trueways";Bgaming;Slot
"Merge Up 2";Bgaming;Slot
"Ufo Pyramids";Bgaming;Slot
"Aviamasters Xmas";Bgaming;Crash
"Golden Paw Hold & Win";Bgaming;Slot
"Face Off";Bgaming;Slot
"Wild Wick";Bgaming;Slot
"Frozen Fruit";Bgaming;Slot
"Wild Moon Thieves Xmas";Bgaming;Slot
"Royal Fruits Multilines";Bgaming;Slot
"Bonanza Billion Xmas Edition";Bgaming;Slot
"Lucky Farm Bonanza";Bgaming;Slot
"Winter Fishing Club";Bgaming;Slot
"Golden Pinata Hold And Win";Bgaming;Slot
"Olympus Trueways";Bgaming;Slot
"Bonanza Trillion";Bgaming;Slot
"Wild Tiger 2";Bgaming;Slot
"Tramp Day";Bgaming;Slot
"Easter Plinko";Bgaming;Instant Win
"Fortuna Trueways";Bgaming;Slot
"Fruit Lightning";Bgaming;Slot
"Blood Queen Scratch";Bgaming;Scratchcard
"Maneki 88 Fortunes";Bgaming;Slot
"Maneki 88 Gold";Bgaming;Slot
"Wild Cash X9990";Bgaming;Slot
"Wild Cash Dice";Bgaming;Ao Vivo
"Wild Cash";Bgaming;Slot
"Halloween Bonanza";Bgaming;Slot
"Gold Rush Jhonny Cash";Bgaming;Slot
"Panda Luck";Bgaming;Slot
"Plinko Bgaming";Bgaming;Instant Win
"7 Fruit Million";Bgaming;Slot
"Four Luck Diamonds";Bgaming;Slot
"Minesweeper Xy";Bgaming;Instant Win
"Four Luck Clover";Bgaming;Slot
"Mines Weeper";Bgaming;Instant Win
"Forty Fruity Million";Bgaming;Slot
"Mice & Magic";Bgaming;Slot
"Fishing Club";Bgaming;Slot
"Merge Up";Bgaming;Slot
"Fire Lightning";Bgaming;Slot
"Mechanical Clover";Bgaming;Slot
"European Roulette";Bgaming;Mesa RNG
"Elvis Frog True Megaways";Bgaming;Slot
"Elvis Frog In Vegas";Bgaming;Slot
"Lucky Oak";Bgaming;Slot
"Easter Heist";Bgaming;Slot
"Dragon's Gold 100";Bgaming;Slot
"Lady Wolf Moon";Bgaming;Slot
"Dragons Crash";Bgaming;Crash
"Luck Ladys Clover";Bgaming;Slot
"Dragon Age Hold & Win";Bgaming;Slot
"Lucky Dama Muerta";Bgaming;Slot
"Dig Dig Digger";Bgaming;Slot
"Lucky Crew";Bgaming;Slot
"Dice Million";Bgaming;Ao Vivo
"Dice Bonanza";Bgaming;Ao Vivo
"Diamond Of Jungle";Bgaming;Slot
"Deep Sea";Bgaming;Slot
"Clover Bonanza";Bgaming;Slot
"Kraken Hunger";Bgaming;Slot
"Chicken Rush";Bgaming;Slot
"Joker Queen";Bgaming;Slot
"Jhonny Cash";Bgaming;Slot
"Jogo Do Bicho";Bgaming;Slot
"Ice Scratch Silver";Bgaming;Scratchcard
"Ice Scratch Gold";Bgaming;Scratchcard
"Candy Monsta";Bgaming;Slot
"Ice Scratch Bronze";Bgaming;Scratchcard
"Hottest 666";Bgaming;Slot
"Book Of Pyramids";Bgaming;Slot
"Hit The Route";Bgaming;Slot
"Book Of Kemet";Bgaming;Slot
"Heads And Tails Xy";Bgaming;Slot
"Book Of Cats Megaways";Bgaming;Slot
"Book Of Cats";Bgaming;Slot
"Bone Bonanza";Bgaming;Slot
"Big Atlantis Frenzy";Bgaming;Slot
"Beer Bonanza";Bgaming;Slot
"Beast Band";Bgaming;Slot
"Aztec Magic Megaways";Bgaming;Slot
"Aztec Magic Deluxe";Bgaming;Slot
"Aztec Magic Bonanza";Bgaming;Slot
"Avalon";Bgaming;Slot
"American Roulette";Bgaming;Ao Vivo
"Aloha King Elvis";Bgaming;Slot
"All Lucky Clovers 20 Lines";Bgaming;Slot
"All Lucky Clovers 5 Lines";Bgaming;Slot
"All Lucky Clovers 40 Lines";Bgaming;Slot
"All Lucky Clovers 100 Lines";Bgaming;Slot
"Alien Fruits";Bgaming;Slot
"Alien Fruits 2";Bgaming;Slot
"Keno";Bgaming;Ao Vivo
"Blackjack Mh Single Deck";Bgaming;Ao Vivo
"Blackjack Mh";Bgaming;Ao Vivo
"Blackjack Mh Double Exposure";Bgaming;Ao Vivo
"Blackjack Mh European";Bgaming;Ao Vivo
"Lucky Diamond";Bgaming;Slot
"Bonanza Billion";Bgaming;Slot
"Plinko X";Bgaming;Instant Win
"7 Juicy Fruits Multihold";Bgaming;Slot
"Book Of Tut Megaways";Bgaming;Slot
"Book Of Tut";Bgaming;Slot
"Big Bad Bison";BTG;Slot
"Millionaire Megapots";BTG;Slot
"Wild Unicorns";BTG;Slot
"Wild Portals";BTG;Slot
"Wild Flower";BTG;Slot
"Slot Vegas Fully Loaded";BTG;Slot
"Vegas Rush";BTG;Slot
"Vegas Megaways";BTG;Slot
"Trigger Happy";BTG;Slot
"The Race";BTG;Slot
"Temple Quest Spinfinity";BTG;Slot
"Star Clusters";BTG;Slot
"Spicy Meatballs";BTG;Slot
"Sanctuary";BTG;Slot
"Royal Mint";BTG;Slot
"Rasputin Megaways";BTG;Slot
"Queen Of Riches";BTG;Slot
"Pop";BTG;Slot
"Pirate Pays";BTG;Slot
"Panda Money";BTG;Slot
"Over The Moon";BTG;Slot
"Outlaw";BTG;Slot
"More Turkey";BTG;Slot
"Millionaire Tapcards";BTG;Slot
"Millionaire Rush";BTG;Slot
"Millionaire Mystery Box";BTG;Slot
"Max Megaways 2";BTG;Slot
"Max Megaways";BTG;Slot
"Lil Devil";BTG;Slot
"Kingmaker Fully Loaded";BTG;Slot
"King Of Cats";BTG;Slot
"Holy Diver Megaways";BTG;Slot
"Golden Goose Megaways";BTG;Slot
"Gifts Of Fortune";BTG;Slot
"Fizzy Pennyslot";BTG;Slot
"Fireworks Megaways";BTG;Slot
"Extra Chilli Tapcards";BTG;Slot
"Dragon Born Megaways";BTG;Slot
"Donuts";BTG;Slot
"Opal Fruits";BTG;Slot
"Diamond Fruits";BTG;Slot
"Cyberslot Megaclusters";BTG;Slot
"Chocolates";BTG;Slot
"Golden Catch";BTG;Slot
"Christmas Catch";BTG;Slot
"Castle Of Terror Ii";BTG;Slot
"Castle Of Terror";BTG;Slot
"Burgers";BTG;Slot
"Book Of Gods";BTG;Slot
"Boo";BTG;Slot
"Christmas Bonanza";BTG;Slot
"Bonanza Falls";BTG;Slot
"Big Bucks Deluxe";BTG;Slot
"Beef Lightning";BTG;Slot
"Apollo Pays";BTG;Slot
"Danger High Voltage";BTG;Slot
"White Rabbit";BTG;Slot
"Millionaire";BTG;Slot
"Bonanza";BTG;Slot
"Wild Love";Endorphina;Slot
"Twerk";Endorphina;Slot
"The Emirate";Endorphina;Slot
"Sticky Lips";Endorphina;Slot
"Starshine Crystals";Endorphina;Slot
"Rainbow Ray";Endorphina;Slot
"Raging Wings";Endorphina;Slot
"Ninja";Endorphina;Slot
"Lucky Cloverland";Endorphina;Slot
"Late Night Win";Endorphina;Slot
"In Jazz";Endorphina;Slot
"Golden Brew";Endorphina;Slot
"Gem Blast";Endorphina;Slot
"Football Mayhem";Endorphina;Slot
"Dynamite Miner";Endorphina;Slot
"Cyber Wolf";Endorphina;Slot
"Cows & Ufos";Endorphina;Slot
"Clover Flames";Endorphina;Slot
"Cash Streak";Endorphina;Slot
"Buffalo 50";Endorphina;Slot
"Big Brown";Endorphina;Slot
"All Ways Luck";Endorphina;Slot
"81 Burning Ways";Endorphina;Slot
"Xmas Burst";Endorphina;Slot
"Valentine's Heart";Endorphina;Slot
"Festa Junina";Endorphina;Slot
"Voodoo";Endorphina;Slot
"Taboo";Endorphina;Slot
"3 Witch Pots";Endorphina;Slot
"100 Zombies";Endorphina;Slot
"Rooster Fury";Endorphina;Slot
"Panda Strike";Endorphina;Slot
"Oriental Dragon";Endorphina;Slot
"Legendary Sumo";Endorphina;Slot
"Golden Ox";Endorphina;Slot
"Giant Wild Goose Pagoda";Endorphina;Slot
"Vikings Way";Endorphina;Slot
"Temple Of Ra";Endorphina;Slot
"Sloteus Gold";Endorphina;Slot
"Silk Road";Endorphina;Slot
"Mystery Of Eldorado";Endorphina;Slot
"Lord Of The Seas";Endorphina;Slot
"Janissaries";Endorphina;Slot
"Glory Of Egypt";Endorphina;Slot
"Crystal Skull";Endorphina;Slot
"Asgardians";Endorphina;Slot
"Ancient Troy";Endorphina;Slot
"Amazons Riches";Endorphina;Slot
"Almighty Sparta";Endorphina;Slot
"Age Of Glory";Endorphina;Slot
"Dia De Los Muertos 2";Endorphina;Slot
"Mr. Bells 40";Endorphina;Slot
"Mr Jingle Bells";Endorphina;Slot
"Water Tiger";Endorphina;Slot
"Moon Tiger";Endorphina;Slot
"Jolly Santa";Endorphina;Slot
"Jolly Queen";Endorphina;Slot
"Joker Stoker";Endorphina;Slot
"Joker Ra";Endorphina;Slot
"Green Slot";Endorphina;Slot
"Blue Slot";Endorphina;Slot
"Ultra Fresh";Endorphina;Slot
"Fresh Fruits";Endorphina;Slot
"Fresh Crush";Endorphina;Slot
"Jade Coins";Endorphina;Instant Win
"Crown Coins";Endorphina;Instant Win
"Burning Coins 20";Endorphina;Instant Win
"Thunder Crown";Endorphina;Slot
"Prestige Crown";Endorphina;Slot
"Dazzling Crown";Endorphina;Slot
"Fortune Stars";Endorphina;Slot
"Fortune Snake";Endorphina;Slot
"Fortune Chests";Endorphina;Slot
"Fortune Capybara";Endorphina;Slot
"Book Of Vlad";Endorphina;Slot
"Book Of Santa";Endorphina;Slot
"Book Of Oil";Endorphina;Slot
"Book Of Ganesha";Endorphina;Slot
"Book Of Conquistador";Endorphina;Slot
"Hell Hot 100";Endorphina;Slot
"Hell Hot 40";Endorphina;Slot
"Hell Hot 20";Endorphina;Slot
"Chance Machine 100";Endorphina;Slot
"Chance Machine 40";Endorphina;Slot
"Chance Machine 20";Endorphina;Slot
"Chance Machine 5";Endorphina;Slot
"Lucky Streak 1000";Endorphina;Slot
"Lucky Streak 27";Endorphina;Slot
"Lucky Streak 3";Endorphina;Slot
"Lucky Streak 2";Endorphina;Slot
"Lucky Streak 1";Endorphina;Slot
"2025 Hit Slot";Endorphina;Slot
"2024 Hit Slot";Endorphina;Slot
"2023 Hit Slot";Endorphina;Slot
"2022 Hit Slot";Endorphina;Slot
"2021 Hit Slot";Endorphina;Slot
"2020 Hit Slot";Endorphina;Slot
"Barão Vermelho";Evolution;Crash
"Dragon Dragon Cassino Ao Vivo";Evolution;Slot
"Roleta Brasileira";Evolution;Ao Vivo
"Immersive Roulette";Evolution;Ao Vivo
"Crazy Balls";Evolution;Slot
"Mega Ball";Evolution;Slot
"Futebol Studio Ao Vivo";Evolution;Slot
"Funky Time";Evolution;Slot
"Super Sic Bo";Evolution;Ao Vivo
"Dream Catcher";Evolution;Slot
"Baccarat";Evolution;Ao Vivo
"Roulette";Evolution;Ao Vivo
"First Person Blackjack";Evolution;Mesa RNG
"First Person Dragon Tiger";Evolution;Slot
"Cash Or Crash";Evolution;Crash
"Triple Card";Evolution;Slot
"Peek Baccarat";Evolution;Ao Vivo
"Teen Patti";Evolution;Slot
"Mega Fire Blaze Roulette";Evolution;Ao Vivo
"Super8 Baccarat";Evolution;Ao Vivo
"Andar Bahar";Evolution;Slot
"Arabic Roulette";Evolution;Ao Vivo
"Bet On Dragon Tiger";Evolution;Slot
"Big Bad Wolf Live";Evolution;Ao Vivo
"Heads Up Holdem";Evolution;Slot
"Deutsches Blackjack";Evolution;Ao Vivo
"Greek Quantum Roulette";Evolution;Ao Vivo
"European Roulette Pro";Evolution;Ao Vivo
"Super Wheel";Evolution;Slot
"Bonus Roulette";Evolution;Ao Vivo
"Personal Roulette";Evolution;Ao Vivo
"American Roulette";Evolution;Ao Vivo
"Fireball Roulette Live";Evolution;Ao Vivo
"Ice Fishing";Evolution;Slot
"Marble Race";Evolution;Slot
"War";Evolution;Slot
"First Person Bac Bo";Evolution;Slot
"Race Track";Evolution;Crash
"Lightning Bac Bo Live";Evolution;Ao Vivo
"Easy Blackjack Em Portugues";Evolution;Ao Vivo
"Easy Blackjack";Evolution;Ao Vivo
"Super Color Game";Evolution;Slot
"Baccarat Lobby";Evolution;Ao Vivo
"Baccarat 8";Evolution;Ao Vivo
"Bet Stacker Blackjack Live 4";Evolution;Ao Vivo
"Bet Stacker Blackjack Live 5";Evolution;Ao Vivo
"Bet Stacker Blackjack Live 6";Evolution;Ao Vivo
"Dream Catcher First Person";Evolution;Slot
"Classic Blackjack";Evolution;Ao Vivo
"Classic Bet Stacker Blackjack 1";Evolution;Ao Vivo
"Classic Bet Stacker Blackjack 2";Evolution;Ao Vivo
"Classic Bet Stacker Blackjack 3";Evolution;Ao Vivo
"Classic Speed Blackjack Live 6";Evolution;Ao Vivo
"First Person Xxxtreme Lightning Baccarat";Evolution;Mesa RNG
"Dragon Tiger Phoenix";Evolution;Slot
"Lightning Ball";Evolution;Slot
"Crazy Time A";Evolution;Slot
"Texas Hold'em Bonus Poker";Evolution;Ao Vivo
"Caribbean Stud Poker";Evolution;Ao Vivo
"Speed Roleta Brasileira";Evolution;Ao Vivo
"Roleta Relâmpago";Evolution;Slot
"Football Studio Dice";Evolution;Ao Vivo
"Football Studio Roulette";Evolution;Ao Vivo
"Crazy Time";Evolution;Slot
"Football Studio";Evolution;Slot
"Bac Bo Ao Vivo";Evolution;Slot
"Adventures Beyond Wonderland Live";Evolution;Ao Vivo
"Bac Bo";Evolution;Slot
"Ice Fishing Brasil";Evolution;Slot
"Crazy Time Brasil (1)";Evolution;Slot
"Always 6 Blackjack";Evolution;Ao Vivo
"Godbreaker";Evolution;Slot
"Crazy Time Brasil";Evolution;Slot
"Red Baron 2";Evolution;Crash
"Red Baron";Evolution;Crash
"Always 9 Baccarat";Evolution;Ao Vivo
"Insurance Baccarat";Evolution;Ao Vivo
"Serial";Evolution;Slot
"Manhattan Goes Wild";Evolution;Slot
"Dj Psycho";Evolution;Slot
"Kiss My Chainsaw";Evolution;Slot
"Little Bighorn";Evolution;Slot
"Brick Snake 2000";Evolution;Slot
"Blood & Shadow";Evolution;Slot
"Benji Killed In Vegas";Evolution;Slot
"Xways Hoarder Xsplit";Evolution;Slot
"Whacked";Evolution;Slot
"Warrior Graveyard";Evolution;Slot
"Walk Of Shame";Evolution;Slot
"Ugliest Catch";Evolution;Slot
"True Kult";Evolution;Slot
"True Grit Redemption";Evolution;Slot
"Tombstone Slaughter El Gordos";Evolution;Slot
"Tombstone R.I.P";Evolution;Slot
"Tombstone No Mercy";Evolution;Slot
"The Crypt";Evolution;Slot
"The Cage";Evolution;Slot
"Stockholm Syndrome";Evolution;Slot
"Space Donkey";Evolution;Slot
"Skate Or Die";Evolution;Slot
"San Quentin 2 Death Row";Evolution;Slot
"San Quentin";Evolution;Slot
"Rock Bottom";Evolution;Slot
"Road Rage";Evolution;Slot
"Roadkill";Evolution;Slot
"Punk Rocker 2";Evolution;Slot
"Possessed";Evolution;Slot
"Poison Eve";Evolution;Slot
"Pearl Harbor";Evolution;Slot
"Owls";Evolution;Slot
"Outsourced Slash Game";Evolution;Slot
"Outsourced";Evolution;Slot
"Oktoberfest";Evolution;Slot
"Nine To Five";Evolution;Slot
"Munchies";Evolution;Slot
"Monkey's Gold Xpays";Evolution;Slot
"Mental 2";Evolution;Slot
"Mental";Evolution;Slot
"Loner";Evolution;Slot
"Land Of The Free";Evolution;Slot
"Kill Em All";Evolution;Slot
"Kenneth Must Die";Evolution;Slot
"Kd Bbq Frenzy";Evolution;Slot
"Jingle Balls";Evolution;Slot
"Home Of The Brave";Evolution;Slot
"Harlequin Carnival";Evolution;Slot
"Golden Genie And The Walking Wilds";Evolution;Slot
"Gluttony";Evolution;Slot
"Gator Hunters";Evolution;Slot
"Gaelic Gold";Evolution;Slot
"Fire In The Hole 2";Evolution;Slot
"Evil Goblins";Evolution;Slot
"Dungeon Quest";Evolution;Slot
"Duck Hunters";Evolution;Slot
"Disturbed";Evolution;Slot
"Devil's Crossroad";Evolution;Slot
"Deadwood R.I.P";Evolution;Slot
"Deadwood";Evolution;Slot
"Dead, Dead Or Deader";Evolution;Slot
"D Day";Evolution;Slot
"Creepy Carnival";Evolution;Slot
"Coins Of Fortune";Evolution;Instant Win
"Casino Win Spin";Evolution;Slot
"Bushido Ways Xnudge";Evolution;Slot
"Brute Force";Evolution;Slot
"Bounty Hunters";Evolution;Slot
"Book Of Shadows";Evolution;Slot
"Blood & Shadow 2";Evolution;Slot
"Blood Diamond";Evolution;Slot
"Beheaded";Evolution;Slot
"Barbarian Fury";Evolution;Slot
"Apocalypse Super Xnudge";Evolution;Slot
"Classic Speed Blackjack Live 9";Evolution;Ao Vivo
"Immersive Roulette Deluxe";Evolution;Mesa RNG
"Lightning Bac Bo";Evolution;Ao Vivo
"Fireball Roulette";Evolution;Ao Vivo
"Busters Bones";Evolution;Slot
"Cinderellas Ball";Evolution;Slot
"Christmas Catch";Evolution;Slot
"Christmas Bonanza";Evolution;Slot
"Cash Noire";Evolution;Slot
"Chinese Treasures";Evolution;Slot
"Castle Terror";Evolution;Slot
"Book Of Gods";Evolution;Slot
"Evolution";Evolution;Slot
"All Bets Blackjack Brasileiro";Evolution;Ao Vivo
"First Person Mega Ball";Evolution;Slot
"Dragon Tiger";Evolution;Slot
"Caramelo Dog Lucky Run";Evoplay;Slot
"Hot Rio Samba";Evoplay;Slot
"Piggy Bank 3 Pots Bonanza";Evoplay;Slot
"Penalty Shoot Out Super Cup";Evoplay;Instant Win
"Beanstalk Magic Treasures";Evoplay;Slot
"Jackmaster Fruits";Evoplay;Slot
"Heart Of Africa Lion Way";Evoplay;Slot
"Fogo Do Brasil 777";Evoplay;Slot
"The Greatest Catch Bonus Buy";Evoplay;Slot
"Uncrossable Rush";Evoplay;Slot
"Penalty Shoot Out Street";Evoplay;Instant Win
"Penalty Shoot Out";Evoplay;Instant Win
"Scratch Match";Evoplay;Scratchcard
"Hot Triple Special";Evoplay;Slot
"Inner Fire Bonus Buy";Evoplay;Slot
"Mine Field";Evoplay;Slot
"Baccarat";Evoplay;Ao Vivo
"Lucky Fortune Tree";Fat Panda;Slot
"Wild Hot 40 Free Spins";Fazi;Slot
"Retro 7 Hot";Fazi;Slot
"Macaco Da Fortuna";Fazi;Slot
"Fruity Win 40";Fazi;Slot
"Wild Kingdom";Fazi;Slot
"Mega Cubes Deluxe";Fazi;Slot
"Lolla's World";Fazi;Slot
"Heating Ice Deluxe";Fazi;Slot
"Mayan's Battle";Fazi;Slot
"Book Of Spells";Fazi;Slot
"Deep Jungle";Fazi;Slot
"Triple Fields Of Luck";Fazi;Slot
"Turbo Stars 10";Fazi;Slot
"Money 5";Fazi;Slot
"Fortune Parrot";Fazi;Slot
"Book Of Luxor Double";Fazi;Slot
"Crystal Joker Hot";Fazi;Slot
"Wild Joker Hot";Fazi;Slot
"Amazing Joker";Fazi;Slot
"Golden Crown";Fazi;Slot
"Epic Crown 10";Fazi;Slot
"Wild Lucky Clover";Fazi;Slot
"Epic Clover 40";Fazi;Slot
"Epic Clover 100";Fazi;Slot
"Clovers & Stars Copiar";Fazi;Slot
"Very Hot 5";Fazi;Slot
"Very Hot 5 Copiar";Fazi;Slot
"Very Hot 40";Fazi;Slot
"Very Hot 40 Copiar";Fazi;Slot
"Giga Hot 40";Fazi;Slot
"Wild Hot 40";Fazi;Slot
"Wild Hot 40 Blow";Fazi;Slot
"Wild Hot 40 Blow Dice";Fazi;Ao Vivo
"Keno 10 (2 Minute)";Galaxsys;Ao Vivo
"Keno 10 (1 Minute)";Galaxsys;Ao Vivo
"Keno 8 (1 Minute)";Galaxsys;Ao Vivo
"Keno 8 (2 Minute)";Galaxsys;Ao Vivo
"Keno 10";Galaxsys;Ao Vivo
"Keno 8";Galaxsys;Ao Vivo
"Hilo";Galaxsys;Slot
"Jungle Wheel";Galaxsys;Slot
"Turbo Mines";Galaxsys;Instant Win
"Cash Show";Galaxsys;Slot
"Sicbo";Galaxsys;Slot
"Golden Ra";Galaxsys;Slot
"Starlight";Galaxsys;Slot
"Hamster Mania";Galaxsys;Slot
"Cosmo Saga";Galaxsys;Slot
"Hot Gear";Galaxsys;Slot
"Dr. Shocker";Galaxsys;Slot
"Limbo Crash";Galaxsys;Crash
"Tower Rush";Galaxsys;Slot
"Mr. Thimble";Galaxsys;Instant Win/Turbo
"Bingo Star";Galaxsys;Slot
"Lotto Boom";Galaxsys;Slot
"Magic Dice";Galaxsys;Ao Vivo
"Totem";Galaxsys;Slot
"Scratch Map";Galaxsys;Scratchcard
"Plinkoman";Galaxsys;Instant Win
"F Mines";Galaxsys;Instant Win
"Roulette X";Galaxsys;Ao Vivo
"Rocketon";Galaxsys;Crash
"Keno Express";Galaxsys;Ao Vivo
"Coin Flip";Galaxsys;Slot
"Atlantis";Galaxsys;Slot
"Blackjack";Galaxsys;Ao Vivo
"Penalty";Galaxsys;Instant Win
"Maestro";Galaxsys;Slot
"Crasher";Galaxsys;Crash
"Coins Of Valhalla 20000";GamingCorps;Instant Win
"Fire And Freedom Rapid Hold & Win";GamingCorps;Slot
"Midas Glory Coin Collect";GamingCorps;Slot
"Freedom Eagle Megax";GamingCorps;Slot
"Raider Riches";GamingCorps;Slot
"Fins Of Fortune";GamingCorps;Slot
"Wild Woof Returns";GamingCorps;Slot
"Quarterback Champion";GamingCorps;Slot
"3 Gifts Of Xmas";GamingCorps;Slot
"Savannah Stacks";GamingCorps;Slot
"777 Jackpot Diamond Hold And Win Mega Multi";GamingCorps;Slot
"Gems Rampage";GamingCorps;Slot
"Buffalo Bash";GamingCorps;Slot
"Xmas Unwrapped";GamingCorps;Slot
"Piggy Smash 2 Smash 4 Cash";GamingCorps;Slot
"Amazonia Jackpot";GamingCorps;Slot
"Anubis Vs Horus Twin Titans";GamingCorps;Slot
"Vegas Payout Rapid Hold & Win";GamingCorps;Slot
"Xmas Plinko";GamingCorps;Instant Win
"Angry Elf Christmas Miner";GamingCorps;Slot
"Hoho Hodl";GamingCorps;Slot
"Wild Woof";GamingCorps;Slot
"Uplinko";GamingCorps;Instant Win
"Tikiz Juice";GamingCorps;Slot
"Super Hot Stacks";GamingCorps;Slot
"Shootout Champion";GamingCorps;Slot
"Samba Soccer";GamingCorps;Slot
"To Mars And Beyond";GamingCorps;Slot
"Rampage Smash 4 Cash";GamingCorps;Slot
"Ramen Puzzle";GamingCorps;Slot
"Raging Zeus Mines";GamingCorps;Instant Win
"Raging Zeus";GamingCorps;Slot
"Prospectors Plinko";GamingCorps;Instant Win
"Plinko";GamingCorps;Instant Win
"Plinkgoal";GamingCorps;Instant Win
"Piggy Smash";GamingCorps;Slot
"Mighty Mammoth";GamingCorps;Slot
"Lobster Hotpot";GamingCorps;Slot
"Paddy Payouts";GamingCorps;Slot
"9 Jokers Stick And Spin";GamingCorps;Slot
"Jet Lucky 2";GamingCorps;Crash
"777 Jackpot Diamond Hold And Win";GamingCorps;Slot
"Lucky Ominer";GamingCorps;Slot
"Luke E Chance Inca Sun God";GamingCorps;Slot
"Golden Chick";GamingCorps;Slot
"Safari Mistery";GamingCorps;Slot
"Penaltyu Champion";GamingCorps;Instant Win
"Egypt Bonus Pot";GamingCorps;Slot
"Golden Dragon";GamingCorps;Slot
"Destino Das Almas";GamingCorps;Slot
"Six Or Out";GamingCorps;Slot
"Coin Miner 2";GamingCorps;Slot
"Coin Miner";GamingCorps;Slot
"Stormy Witch";GamingCorps;Slot
"Skyliner";GamingCorps;Slot
"Wild Flow";Habanero;Slot
"Egyptian Dreams";Habanero;Slot
"12 Zodiacs";Habanero;Slot
"Koi Gate";Habanero;Slot
"Santa's Village";Habanero;Slot
"5 Mariachis";Habanero;Slot
"Hot Hot Fruit";Habanero;Slot
"Lucky Lucky";Habanero;Slot
"Knockout Football Rush";Habanero;Slot
"Legendary Beasts";Habanero;Slot
"Crystopia";Habanero;Slot
"Siren’s Spell";Habanero;Slot
"Tooty Fruity Fruits";Habanero;Slot
"Witches Tome";Habanero;Slot
"Atomic Kittens";Habanero;Slot
"Bikini Island Deluxe";Habanero;Slot
"Fruity Halloween";Habanero;Slot
"Zeus Deluxe";Habanero;Slot
"Fruity Mayan";Habanero;Slot
"Hot Hot Summer";Habanero;Slot
"Rise Of Fortuna";Hacksaw;Slot
"Le Futebol";Hacksaw;Slot
"Le Football Fan";Hacksaw;Slot
"3 Cursed Chests Hold & Win";Hacksaw;Slot
"Avalanche";Hacksaw;Slot
"Red Rascal";Hacksaw;Slot
"Sand And Ashes";Hacksaw;Slot
"Magic Piggy Og";Hacksaw;Slot
"Le Digger";Hacksaw;Slot
"Dynasty Of Death";Hacksaw;Slot
"Marlin Masters Atlantis";Hacksaw;Slot
"Power Of Ten";Hacksaw;Slot
"Fire My Laser";Hacksaw;Slot
"Munchy Milo";Hacksaw;Slot
"Epic Bullets & Bounty";Hacksaw;Slot
"Le Bunny";Hacksaw;Slot
"Dusk Princess";Hacksaw;Slot
"Eternal Duel";Hacksaw;Slot
"Dark Spiral";Hacksaw;Slot
"Hot Ross";Hacksaw;Slot
"Donut Division";Hacksaw;Slot
"Super Twins";Hacksaw;Slot
"Superstar Sevens";Hacksaw;Slot
"Zeus Ze Zecond";Hacksaw;Slot
"Le Fisherman";Hacksaw;Slot
"Pray For Six";Hacksaw;Slot
"Deal With Death";Hacksaw;Slot
"Circle Of Life";Hacksaw;Slot
"Dragon's Domain";Hacksaw;Slot
"Smoking Dragon";Hacksaw;Slot
"Double Rainbow";Hacksaw;Slot
"Cubes 2";Hacksaw;Slot
"Cubes";Hacksaw;Slot
"Benny The Beer";Hacksaw;Slot
"Cloud Princess";Hacksaw;Slot
"Book Of Time";Hacksaw;Slot
"Cash Compass";Hacksaw;Slot
"Bloodthirst";Hacksaw;Slot
"Gladiator Legends";Hacksaw;Slot
"Toshi Ways Club";Hacksaw;Slot
"Donny And Danny";Hacksaw;Slot
"Jaws Of Justice";Hacksaw;Slot
"Dorks Of The Deep";Hacksaw;Slot
"Army Of Ares";Hacksaw;Slot
"Dawn Of Kings";Hacksaw;Slot
"Frkn Bananas";Hacksaw;Slot
"Le Santa";Hacksaw;Slot
"Eye Of The Panda";Hacksaw;Slot
"Spear Of Athena";Hacksaw;Slot
"Steamrunners";Hacksaw;Slot
"Le Cowboy";Hacksaw;Slot
"Fist Of Destruction";Hacksaw;Slot
"Sun Princess";Hacksaw;Slot
"The Count";Hacksaw;Slot
"Bash Bros";Hacksaw;Slot
"The Wildwood Curse";Hacksaw;Slot
"Chaos Crew 3";Hacksaw;Slot
"Stormborn";Hacksaw;Slot
"Le Zeus";Hacksaw;Slot
"Tiger Legends";Hacksaw;Slot
"Danny Dollar";Hacksaw;Slot
"Drop'em";Hacksaw;Slot
"Miami Mayhem";Hacksaw;Slot
"Bullets And Bounty";Hacksaw;Slot
"Marlin Masters The Big Haul Hacksaw";Hacksaw;Slot
"Sixsixsix";Hacksaw;Slot
"Le Pharaoh";Hacksaw;Slot
"Pray For Three";Hacksaw;Slot
"Spinman";Hacksaw;Slot
"Rainbow Princess Hacksaw";Hacksaw;Slot
"Merge Up";Hacksaw;Slot
"Ramen Puzzle";Hacksaw;Slot
"Nightfall Hunting Darkreel";Hacksaw;Slot
"Reign Of Rome";Hacksaw;Slot
"Rad Maxx";Hacksaw;Slot
"Booze Bash";Hacksaw;Slot
"Freds Food Truck";Hacksaw;Slot
"Le King";Hacksaw;Slot
"Invictus";Hacksaw;Slot
"Eye Of Medusa";Hacksaw;Slot
"The Luxe";Hacksaw;Slot
"Aiko And The Wind Spirit";Hacksaw;Slot
"Rotten";Hacksaw;Slot
"Ronin Stackways";Hacksaw;Slot
"Rip City";Hacksaw;Slot
"Pug Life";Hacksaw;Slot
"Mystery Motel";Hacksaw;Slot
"Mayan Stackways";Hacksaw;Slot
"Marlin Masters";Hacksaw;Slot
"Le Bandit";Hacksaw;Slot
"King Carrot";Hacksaw;Slot
"Joker Bombs";Hacksaw;Slot
"Wanted Dead Or Wild";Hacksaw;Slot
"The Wild Gang";Hacksaw;Slot
"The Big Dawgs";Hacksaw;Slot
"Roleta Brasileira";Imagine Live;Ao Vivo
"Blackjack Brasileiro 1";Imagine Live;Ao Vivo
"Blackjack 36";Imagine Live;Ao Vivo
"Blackjack 26";Imagine Live;Ao Vivo
"Roleta Brasileira Ao Vivo";Imagine Live;Ao Vivo
"Blackjack Brasileiro Ao Vivo";Imagine Live;Ao Vivo
"Blackjack 28";Imagine Live;Ao Vivo
"Classic Roulette 2";Imagine Live;Ao Vivo
"Blackjack 2";Imagine Live;Ao Vivo
"Piggy Bank Stash";Imagine Live;Slot
"Leprechaun Charms Rainbow Jackpot";Imagine Live;Slot
"Vip Roulette";Imagine Live;Ao Vivo
"Vip Speed Baccarat 3";Imagine Live;Ao Vivo
"Vip Speed Baccarat 2";Imagine Live;Ao Vivo
"Vip Speed Baccarat 1";Imagine Live;Ao Vivo
"Vip Blackjack 7";Imagine Live;Ao Vivo
"Vip Blackjack 5";Imagine Live;Ao Vivo
"Vip Blackjack 4";Imagine Live;Ao Vivo
"Vip Blackjack 3";Imagine Live;Ao Vivo
"Vip Blackjack 2";Imagine Live;Ao Vivo
"Vip Blackjack 1";Imagine Live;Ao Vivo
"Vip Auto Roulette";Imagine Live;Ao Vivo
"Turkish Vip Blackjack 2";Imagine Live;Ao Vivo
"Turkish Vip Blackjack 1";Imagine Live;Ao Vivo
"Turkish Rulet";Imagine Live;Slot
"Speed Roulette";Imagine Live;Ao Vivo
"Sic Bo 102";Imagine Live;Ao Vivo
"Ruleta Española";Imagine Live;Slot
"Roulette Rouge";Imagine Live;Ao Vivo
"Robin The Fair";Imagine Live;Slot
"Lucky Wheelionaire";Imagine Live;Slot
"Gold Roulette";Imagine Live;Ao Vivo
"Gold Blackjack";Imagine Live;Ao Vivo
"Gold Baccarat";Imagine Live;Ao Vivo
"Dynamite Roulette";Imagine Live;Ao Vivo
"Dragon Tiger";Imagine Live;Slot
"Dragon Fortune";Imagine Live;Slot
"Classic Roulette";Imagine Live;Ao Vivo
"Casino Hold'em";Imagine Live;Slot
"Blackjack Quick Seat";Imagine Live;Ao Vivo
"Blackjack 37";Imagine Live;Ao Vivo
"Blackjack 35";Imagine Live;Ao Vivo
"Blackjack 34";Imagine Live;Ao Vivo
"Blackjack 33";Imagine Live;Ao Vivo
"Blackjack 32";Imagine Live;Ao Vivo
"Blackjack 31";Imagine Live;Ao Vivo
"Blackjack 30";Imagine Live;Ao Vivo
"Blackjack 29";Imagine Live;Ao Vivo
"Blackjack 27";Imagine Live;Ao Vivo
"Blackjack 25";Imagine Live;Ao Vivo
"Blackjack 23";Imagine Live;Ao Vivo
"Blackjack 21";Imagine Live;Ao Vivo
"Blackjack 11";Imagine Live;Ao Vivo
"Blackjack 10";Imagine Live;Ao Vivo
"Blackjack 9";Imagine Live;Ao Vivo
"Blackjack 8";Imagine Live;Ao Vivo
"Blackjack 7";Imagine Live;Ao Vivo
"Blackjack 6";Imagine Live;Ao Vivo
"Blackjack 4";Imagine Live;Ao Vivo
"Blackjack 3";Imagine Live;Ao Vivo
"Speed Baccarat 6";Imagine Live;Ao Vivo
"Speed Baccarat 5";Imagine Live;Ao Vivo
"Speed Baccarat 4";Imagine Live;Ao Vivo
"Speed Baccarat 3";Imagine Live;Ao Vivo
"Speed Baccarat 2";Imagine Live;Ao Vivo
"Speed Baccarat 1";Imagine Live;Ao Vivo
"Teen Patti";Imagine Live;Slot
"Baccarat Lobby";Imagine Live;Ao Vivo
"Andar Bahar";Imagine Live;Slot
"Blackjack Brasileiro 2";Imagine Live;Ao Vivo
"Blackjack Brasileiro";Imagine Live;Ao Vivo
"Multiplier Auto Roulette";Imagine Live;Ao Vivo
"Speed Auto Roulette";Imagine Live;Ao Vivo
"Auto Roulette";Imagine Live;Ao Vivo
"Eagle Strike Extra";Iron Dog;Slot
"Diamond Charge Extra";Iron Dog;Slot
"3 Hot Chilli Peppers Extra";Iron Dog;Slot
"Ahoy Royale";Iron Dog;Slot
"Cleopatra's Fortune";Iron Dog;Slot
"3 Piñatas";Iron Dog;Slot
"Jolly Bonus";Iron Dog;Slot
"Diamond Charge Hold & Win";Iron Dog;Slot
"3 Wild Aliens";Iron Dog;Slot
"3 Mad Frogs";Iron Dog;Slot
"Farming Frenzy";Iron Dog;Slot
"Apex Strike Lucky Cache";Iron Dog;Slot
"Fruit Lightning";Iron Dog;Slot
"Smoking Hot Fortunes";Iron Dog;Slot
"777 Everest Avalanche";Iron Dog;Slot
"Pirate Kingdom Megaways";Iron Dog;Slot
"Blood Queen Scratch";Iron Dog;Scratchcard
"Rainbow Wilds Scratch";Iron Dog;Scratchcard
"Fire In The Hole Xbomb";No Limit;Slot
"Brute Force Alien Onslaught";No Limit;Slot
"Crazy Ex Girlfriend";No Limit;Slot
"Fire In The Role 2";No Limit;Slot
"Fire In The Role 3";No Limit;Slot
"Duck Hunters Happy Hour";No Limit;Slot
"Seaman";No Limit;Slot
"Wildrix";Pg Soft;Slot
"Frozen Gems";Pg Soft;Slot
"Safari Of Wealth";Pg Soft;Slot
"Coils Of Cash";Pg Soft;Slot
"Mighty Mania";Pg Soft;Slot
"Reel Royale Showdown";Pg Soft;Slot
"Funky Fortunez";Pg Soft;Slot
"Wings Of Iguazu";Pg Soft;Slot
"Perfect Strike";Pg Soft;Slot
"Mayan Destiny";Pg Soft;Slot
"Inferno Mayhem";Pg Soft;Slot
"Jewels Of Prosperity";Pg Soft;Slot
"Fortune Horse";Pg Soft;Slot
"Forbidden Alchemy";Pg Soft;Slot
"Mythical Guardians";Pg Soft;Slot
"Egypt's Book Of Mystery";Pg Soft;Slot
"Guardians Of Ice & Fire";Pg Soft;Slot
"Poker Kingdom Win";Pg Soft;Ao Vivo
"Fruity Candy";Pg Soft;Slot
"Alibaba's Cave Of Fortune";Pg Soft;Slot
"Skylight Wonders";Pg Soft;Slot
"Pharaoh Royals";Pg Soft;Slot
"Kraken Gold Rush";Pg Soft;Slot
"Mr. Hallow Win";Pg Soft;Slot
"Majestic Empire";Pg Soft;Slot
"Grimm's Bounty";Pg Soft;Slot
"Dragon Hatch";Pg Soft;Slot
"Dragon Hatch 2";Pg Soft;Slot
"Geisha's Revenge";Pg Soft;Slot
"Flirthing Scholar";Pg Soft;Slot
"Symbols Egypt";Pg Soft;Slot
"Gem Saviour";Pg Soft;Slot
"Prosperity Palace";Pg Soft;Slot
"Vampires Charm";Pg Soft;Slot
"Prosperity Lion";Pg Soft;Slot
"Reel Love";Pg Soft;Slot
"Hood Vs Wolf";Pg Soft;Slot
"Mahjong Ways";Pg Soft;Slot
"Muay Thai Champion";Pg Soft;Slot
"Ninja Vs Samurai";Pg Soft;Slot
"Werewolfs Hunt";Pg Soft;Slot
"Lucky Neko";Pg Soft;Slot
"Treasures Of Aztec";Pg Soft;Slot
"Mahjong Ways 2";Pg Soft;Slot
"Rave Party Fever";Pg Soft;Slot
"Shaolin Soccer";Pg Soft;Slot
"Spirited Wonders";Pg Soft;Slot
"Oriental Prosperity";Pg Soft;Slot
"Mermaid Riches";Pg Soft;Slot
"Rooster Rumble";Pg Soft;Slot
"Plushie Frenzy";Pg Soft;Slot
"Jungle Delight";Pg Soft;Slot
"Genie's 3 Wishes";Pg Soft;Slot
"Mr Hallow Win";Pg Soft;Slot
"Prosperity Fortune Tree";Pg Soft;Slot
"Phoenix Rises";Pg Soft;Slot
"Wild Coaster";Pg Soft;Slot
"Caishen Wins";Pg Soft;Slot
"Hip Hop Panda";Pg Soft;Slot
"Trees Of Treasure";Pg Soft;Slot
"Destiny Of Sun & Moon";Pg Soft;Slot
"Wild Fireworks";Pg Soft;Slot
"Rise Of Apollo";Pg Soft;Slot
"Tree Of Fortune";Pg Soft;Slot
"Ganesha Fortune";Pg Soft;Slot
"Ganesha Gold";Pg Soft;Slot
"Wild Wild Joker";Pg Soft;Slot
"Tree Of Riches";Pg Soft;Slot
"Santa's Xmas Rush";Pg Soft;Slot
"Mahjong Wins Super Scatter";Pg Soft;Slot
"Plushie Wins";Pg Soft;Slot
"Pinata Wins";Pg Soft;Slot
"Cash Mania";Pg Soft;Slot
"Fortune Mouse";Pg Soft;Slot
"Fortune Ox";Pg Soft;Slot
"Fortune Snake";Pg Soft;Slot
"Fortune Dragon";Pg Soft;Slot
"Fortune Tiger";Pg Soft;Slot
"Fortune Rabbit";Pg Soft;Slot
"Pirate's Map";Platipus;Slot
"Jackpot Lab";Platipus;Slot
"Aztec Coins";Platipus;Instant Win
"Rhino Mania";Platipus;Slot
"Lucky Cat";Platipus;Slot
"Coin Charge";Platipus;Slot
"Minerz";Platipus;Slot
"Wizard Of The Wild";Platipus;Slot
"Dragon's Element Deluxe";Platipus;Slot
"Thor Turbo Power";Platipus;Slot
"Miss Gypsy";Platipus;Slot
"Pirate's Legacy";Platipus;Slot
"The Big Score";Platipus;Slot
"Pearls Of The Ocean";Platipus;Slot
"Joker Chase";Platipus;Slot
"Diamond Hunt";Platipus;Slot
"Santa’s Bag";Platipus;Slot
"Extra Gems";Platipus;Slot
"9 Dragon Kings";Platipus;Slot
"Chilli Fiesta";Platipus;Slot
"Catch The Leprechaun";Platipus;Slot
"Wild Crowns";Platipus;Slot
"7 & Hot Fruits";Platipus;Slot
"Wild Spin Deluxe";Platipus;Slot
"Wild Spin";Platipus;Slot
"King Of Sweets";Play N Go;Slot
"Super Flip Deluxe";Play N Go;Slot
"Fire Joker 100";Play N Go;Slot
"Fire Joker Blitz";Play N Go;Slot
"Fire Toad 2";Play N Go;Slot
"Barn Busters";Play N Go;Slot
"Mega Don Feeding Frenzy";Play N Go;Slot
"Hot Dog Heist";Play N Go;Slot
"Reactoonz 100";Play N Go;Slot
"Honey Rush 100";Play N Go;Slot
"Treasures Of Kongar";Play N Go;Slot
"Moon Princess Christmas Kingdom";Play N Go;Slot
"Moon Princess 100";Play N Go;Slot
"Moon Princess Power Love";Play N Go;Slot
"Easter Eggspedition";Play N Go;Slot
"Love Is In The Fair";Play N Go;Slot
"Incan Quest";Play N Go;Slot
"Tomb Of Gold";Play N Go;Slot
"Mystery Genie Fortunes Of The Lamp";Play N Go;Slot
"Chambers Of Ancients";Play N Go;Slot
"Banquet Of Dead";Play N Go;Slot
"Legion Gold Unleashed";Play N Go;Slot
"Undefeated Xerxes";Play N Go;Slot
"Rainforest Magic";Play N Go;Slot
"Piranha Pays";Play N Go;Slot
"Viking Runecraft Apocalypse";Play N Go;Slot
"Viking Runecraft";Play N Go;Slot
"Sweet Alchemy Bingo";Play N Go;Slot
"Sweet Alchemy 100";Play N Go;Slot
"Sweet Alchemy 2";Play N Go;Slot
"Rich Wilde And The Tome Of Insanity";Play N Go;Slot
"Wild Blood 2";Play N Go;Slot
"Sabaton";Play N Go;Slot
"Rise Of Merlin";Play N Go;Slot
"The Sword & The Grail";Play N Go;Slot
"Honey Rush";Play N Go;Slot
"Big Win 777";Play N Go;Slot
"Perfect Gems";Play N Go;Slot
"Crystal Sun";Play N Go;Slot
"Phoenix Reborn";Play N Go;Slot
"Cash Vandal";Play N Go;Slot
"Game Of Gladiators Uprising";Play N Go;Slot
"Rise Of Dead";Play N Go;Slot
"Tome Of Madness";Play N Go;Slot
"Firefly Frenzy";Play N Go;Slot
"Queen's Day Tilt";Play N Go;Slot
"Raging Rex";Play N Go;Slot
"Divine Showdown";Play N Go;Slot
"Contact";Play N Go;Slot
"Sizzling Spins";Play N Go;Slot
"Battle Royal";Play N Go;Slot
"Dragon Maiden";Play N Go;Slot
"Hugo Goal";Play N Go;Instant Win
"Rise Of Olympus";Play N Go;Slot
"Street Magic";Play N Go;Slot
"Wild Falls";Play N Go;Slot
"Bakers Treat";Play N Go;Slot
"Banana Rock";Play N Go;Slot
"Hugo 2";Play N Go;Slot
"Planet Fortune";Play N Go;Slot
"Rainforest Magic Bingo";Play N Go;Slot
"Golden Legend";Play N Go;Slot
"Wild North";Play N Go;Slot
"Craps";Play N Go;Slot
"Wild Bandolier";Play N Go;Slot
"Pandora's Box Of Evil";Play N Go;Slot
"Colt Lightning";Play N Go;Slot
"Naughty Nick's Book";Play N Go;Slot
"Athena Ascending";Play N Go;Slot
"Invading Vegas";Play N Go;Slot
"Cash A Cabana";Play N Go;Slot
"Count Jokula";Play N Go;Slot
"Pilgrim Of Dead";Play N Go;Slot
"Rise Of Olympus 100";Play N Go;Slot
"House Of Doom";Play N Go;Slot
"Boat Bonanza";Play N Go;Slot
"Shamrock Miner";Play N Go;Slot
"Legion Gold";Play N Go;Slot
"Usa Flip";Play N Go;Slot
"Leprechaun's Vault";Play N Go;Slot
"Dio";Play N Go;Slot
"Wild Falls 2";Play N Go;Slot
"Bull In A Rodeo";Play N Go;Slot
"Immortails Of Egypt";Play N Go;Slot
"King's Mask";Play N Go;Slot
"Eye Of Atum";Play N Go;Slot
"Idol Of Fortune";Play N Go;Slot
"Mega Don";Play N Go;Slot
"Slashimi";Play N Go;Slot
"Joker Buy Bônus";Play N Go;Slot
"Boat Bonanza Colossal Catch";Play N Go;Slot
"Hugo Legacy";Play N Go;Slot
"Sherwood Gold";Play N Go;Slot
"Gargantoonz";Play N Go;Slot
"Viking Runecraft 100";Play N Go;Slot
"Tales Of Mithrune Syn's Fortune";Play N Go;Slot
"Pandastic Adventure";Play N Go;Slot
"3 Clown Monty Ii";Play N Go;Slot
"Ruff Heist";Play N Go;Slot
"Nsync Pop";Play N Go;Slot
"Rotiki";Play N Go;Slot
"Forge Of Fortunes";Play N Go;Slot
"Merlin's Grimoire";Play N Go;Slot
"Puebla Parade";Play N Go;Slot
"Gates Of Troy";Play N Go;Slot
"Animal Madness";Play N Go;Slot
"Wild Trigger";Play N Go;Slot
"Cat Wilde And The Pyramids Of Dead";Play N Go;Slot
"Fat Frankies";Play N Go;Slot
"Def Leppard Hysteria";Play N Go;Slot
"Love Joker";Play N Go;Slot
"Forge Of Gems";Play N Go;Slot
"Lordi Reel Monsters";Play N Go;Slot
"Raging Rex 2";Play N Go;Slot
"Secret Of Dead";Play N Go;Slot
"Tales Of Asgard Freya's Wedding";Play N Go;Slot
"Clash Of Camelot";Play N Go;Slot
"Canine Carnage";Play N Go;Slot
"Fortune Rewind";Play N Go;Slot
"Champions Of Mithrune";Play N Go;Slot
"Cash Of Command";Play N Go;Slot
"Rocco Gallo";Play N Go;Slot
"Captain Xeno's Earth Adventure";Play N Go;Slot
"Rise Of Gods Reckoning";Play N Go;Slot
"The Last Sundown";Play N Go;Slot
"Merlin And The Ice Queen Morgana";Play N Go;Slot
"Beasts Of Fire";Play N Go;Slot
"Gigantoonz";Play N Go;Slot
"Tale Of Kyubiko";Play N Go;Slot
"Hooligan Hustle";Play N Go;Slot
"15 Crystal Roses A Tale Of Love";Play N Go;Slot
"Sparky & Shortz";Play N Go;Slot
"Tales Of Asgard Loki's Fortune";Play N Go;Slot
"Legend Of The Ice Dragon";Play N Go;Slot
"Rich Wilde And The Wandering City";Play N Go;Slot
"The Wild Class";Play N Go;Slot
"Kiss Reels Of Rock";Play N Go;Slot
"Ghost Of Dead";Play N Go;Slot
"Hugo Carts";Play N Go;Slot
"Sisters Of The Sun";Play N Go;Slot
"Agent Of Hearts";Play N Go;Slot
"Zz Top Roadside Riches";Play N Go;Slot
"Free Reelin' Joker";Play N Go;Slot
"Charlie Chance And The Curse Of Cleopatra";Play N Go;Slot
"Dr. Toonz";Play N Go;Slot
"Odin Protector Of Realms";Play N Go;Slot
"Candy Island Princess";Play N Go;Slot
"Diamonds Of The Realm";Play N Go;Slot
"Charlie Chance";Play N Go;Slot
"Blazin' Bullfrog";Play N Go;Slot
"Prism Of Gems";Play N Go;Slot
"Alice Cooper And The Tome Of Madness";Play N Go;Slot
"Scroll Of Dead";Play N Go;Slot
"Hotel Yeti Way";Play N Go;Slot
"Pack & Cash";Play N Go;Slot
"Rabbit Hole Riches Court Of Hearts";Play N Go;Slot
"Derby Wheel";Play N Go;Slot
"Rich Wilde And The Amulet Of Dead";Play N Go;Slot
"Three Clown Monty";Play N Go;Slot
"Fire Joker Freeze";Play N Go;Slot
"The Shimmering Woods";Play N Go;Slot
"The Green Knight";Play N Go;Slot
"Lord Merlin And The Lady Of The Lake";Play N Go;Slot
"Hammerfall";Play N Go;Slot
"Gemix 2";Play N Go;Slot
"House Of Doom 2 The Crypt";Play N Go;Slot
"Fire Toad";Play N Go;Slot
"The Paying Piano Club";Play N Go;Slot
"Holiday Spirits";Play N Go;Slot
"Thunder Screech";Play N Go;Slot
"The Faces Of Freya";Play N Go;Slot
"Cat Wilde In The Eclipse Of The Sun God";Play N Go;Slot
"Bull In A China Shop";Play N Go;Slot
"Piggy Bank Farm";Play N Go;Slot
"New Year Riches";Play N Go;Slot
"Cat Wilde And The Lost Chapter";Play N Go;Slot
"Ice Joker";Play N Go;Slot
"Frozen Gems";Play N Go;Slot
"Coils Of Cash";Play N Go;Slot
"Safari Of Wealth";Play N Go;Slot
"Cinderellas Ball";Play N Go;Slot
"Cash Noire";Play N Go;Slot
"Golden Colts";Play N Go;Slot
"Big Win Cat";Play N Go;Slot
"Gold King";Play N Go;Slot
"Star Joker";Play N Go;Slot
"Mystery Joker 6000";Play N Go;Slot
"Fu Er Dai";Play N Go;Slot
"Sweet Alchemy";Play N Go;Slot
"Sweet 27";Play N Go;Slot
"Reactoonz";Play N Go;Slot
"Aztec Warrior Princess";Play N Go;Slot
"Sea Hunter";Play N Go;Slot
"Multifruit";Play N Go;Slot
"Mermaids Diamond";Play N Go;Slot
"Prosperity Palace";Play N Go;Slot
"Holiday Season";Play N Go;Slot
"Prissy Princess";Play N Go;Slot
"Super Wheel";Play N Go;Slot
"Hugo";Play N Go;Slot
"7 Sins";Play N Go;Slot
"Matsuri";Play N Go;Slot
"Viking Runecraft Bingo";Play N Go;Slot
"Money Wheel";Play N Go;Slot
"Golden Caravan";Play N Go;Slot
"Sails Of Gold";Play N Go;Slot
"Rich Wilde And The Book Of Dead";Play N Go;Slot
"Xmas Joker";Play N Go;Slot
"Fire Joker";Play N Go;Slot
"Iron Girl";Play N Go;Slot
"Happy Halloween";Play N Go;Slot
"Samba Carnival";Play N Go;Slot
"Grim Muerto";Play N Go;Slot
"Wizard Of Gems";Play N Go;Slot
"Cloud Quest";Play N Go;Slot
"Royal Masquerade";Play N Go;Slot
"Eye Of The Kraken";Play N Go;Slot
"Super Flip";Play N Go;Slot
"Easter Eggs";Play N Go;Slot
"Spin Party";Play N Go;Slot
"Pimped";Play N Go;Slot
"Crazy Cows";Play N Go;Slot
"Merry Xmas";Play N Go;Slot
"Tower Quest";Play N Go;Slot
"Gemix";Play N Go;Slot
"Golden Ticket";Play N Go;Slot
"Mystery Joker";Play N Go;Slot
"Pearl Of India";Play N Go;Slot
"Lady Of Fortune";Play N Go;Slot
"Chinese New Year";Play N Go;Slot
"Joker Poker";Play N Go;Ao Vivo
"Deuces Wild Multi Hand";Play N Go;Slot
"Jacks Or Better Multi Hand";Play N Go;Slot
"Energoonz";Play N Go;Slot
"Enchanted Crystals";Play N Go;Slot
"Rage To Riches";Play N Go;Slot
"Troll Hunters";Play N Go;Slot
"Ninja Fruits";Play N Go;Slot
"Wild Blood";Play N Go;Slot
"Gold Trophy 2";Play N Go;Slot
"Myth";Play N Go;Slot
"Aztec Idols";Play N Go;Slot
"Jewel Box";Play N Go;Slot
"Pearl Lagoon";Play N Go;Slot
"Riches Of Ra";Play N Go;Slot
"Enchanted Meadow";Play N Go;Slot
"Irish Gold";Play N Go;Slot
"5x Magic";Play N Go;Slot
"Space Race";Play N Go;Slot
"Ace Of Spades";Play N Go;Slot
"Jolly Roger";Play N Go;Slot
"Wild Melon";Play N Go;Slot
"Samba Soccer";Play N Go;Slot
"Shogun";Play N Go;Slot
"Captains Bounty";Play N Go;Slot
"Twisted Lab";Play N Go;Slot
"Wild Spells";Play N Go;Slot
"The Great Icescape";Play N Go;Slot
"Treasure Island";Play N Go;Slot
"Temple Guardians";Play N Go;Slot
"Sugar Teddy X1000";Playson;Slot
"Vegas Glitz";Playson;Slot
"Royal Express Hold And Win";Playson;Slot
"Luxor Gold Hold And Win";Playson;Slot
"Lion Gems Hold And Win";Playson;Slot
"Golden Penny X1000";Playson;Slot
"Fire Temple Hold And Win";Playson;Slot
"Empire Gold Hold And Win";Playson;Slot
"Crown And Diamonds Hold And Win";Playson;Slot
"3x Catch";Playson;Slot
"Sunny Fruits 2 Hold And Win";Playson;Slot
"Imperial Fruits 5 Lines";Playson;Slot
"Flaming Bells Hold And Win";Playson;Slot
"Burning Wins Classic 5 Lines";Playson;Slot
"777 Sizzling Wins 5 Lines";Playson;Slot
"Solar Queen";Playson;Slot
"Solar King";Playson;Slot
"Royal Fortunator Hold And Win";Playson;Slot
"Diamond Fortunator Hold And Win";Playson;Slot
"Burning Fortunator";Playson;Slot
"Royal Joker Hold And Win";Playson;Slot
"4 Pots Riches Hold And Win";Playson;Slot
"Rockin'joker Hold And Win";Playson;Slot
"3 Pots Riches Hold And Win";Playson;Slot
"Energy Joker Hold And Win";Playson;Slot
"3 Pots Riches Extra Hold And Win";Playson;Slot
"3 Pirate Barrels Hold And Win";Playson;Slot
"3 Magic Lamps Hold And Win";Playson;Slot
"3 Chillies And Joker Hold And Win";Playson;Slot
"3 Carts Of Gold Hold And Win";Playson;Slot
"3 Royal Coins Hold And Win";Playson;Instant Win
"Diamonds Power Hold And Win";Playson;Slot
"Tornado Power Hold And Win";Playson;Slot
"Diamonds Power Xxl Hold And Win";Playson;Slot
"Crown Strike Hold And Win";Playson;Slot
"Power Crown Hold And Win";Playson;Slot
"Coin Strike Xxl Hold And Win";Playson;Slot
"Coin Strike Hold And Win";Playson;Slot
"Thunder Coins Xxl Hold And Win";Playson;Instant Win
"Thunder Coins Hold And Win";Playson;Instant Win
"Royal Coins 2 Hold And Win";Playson;Instant Win
"Fire Coins Hold And Win";Playson;Instant Win
"Energy Coins Hold And Win";Playson;Instant Win
"4 Supercharged Clovers Hold And Win";Playson;Slot
"Supercharged Clovers Hold And Win";Playson;Slot
"Paddy Star Smash And Win";Playson;Slot
"Charge The Clovers Hit The Bonus";Playson;Slot
"Clover Charm";Playson;Slot
"Buffalo Power Hold And Win";Playson;Slot
"King Of The Sky Hit The Bonus";Playson;Slot
"Blue Wizard";Playtech;Slot
"Adventures Beyond Wonderland Live";Playtech;Ao Vivo
"All Bets Blackjack Brasileiro";Playtech;Ao Vivo
"Speed Roleta Brasileira";Playtech;Ao Vivo
"Mega Fire Blaze Lucky Ball Live";Playtech;Ao Vivo
"Mega Fire Blaze Lucky Ball Brasileiro";Playtech;Slot
"Jogo Do Bozó Turbo";Playtech;Slot
"Roleta Canarinho";Playtech;Slot
"Roleta Brasileira";Playtech;Ao Vivo
"Eye On The Money";PopOK;Slot
"Ronaldinho Da Sorte";PopOK;Slot
"Fenix Da Lava";PopOK;Slot
"Fortune Tarta";PopOK;Slot
"40 Diamond Tree Lucky Coin";PopOK;Slot
"Money Tree Buy Bonus";PopOK;Slot
"Genie Fortune";PopOK;Slot
"Chicky Choice";PopOK;Slot
"Matatu Juu";PopOK;Slot
"Nemrut";PopOK;Slot
"40 Royal Hot Lucky Coin";PopOK;Slot
"20 Royal Hot Lucky Coin";PopOK;Slot
"Corrida Rica";PopOK;Slot
"Macaco Milionario";PopOK;Slot
"Rico Rhino";PopOK;Slot
"Rico Gorila";PopOK;Slot
"Moonlight Angel";PopOK;Slot
"Cavalo De Fogo Fortune";PopOK;Slot
"Master Raccoon";PopOK;Slot
"Wild Shamrock";PopOK;Slot
"Pirate Fortune";PopOK;Slot
"Mega Diamonds";PopOK;Slot
"Los Toros";PopOK;Slot
"Crazy Poki";PopOK;Slot
"Mega Joker";PopOK;Slot
"Jaguar Dojo";PopOK;Slot
"Yummy";PopOK;Slot
"Lost Treasure";PopOK;Slot
"Magic Treasures Of Egypt";PopOK;Slot
"Los Apaches";PopOK;Slot
"Sultans Tale";PopOK;Slot
"Novel Of Alexander";PopOK;Slot
"Ultra Hot";PopOK;Slot
"Diamond Flash";PopOK;Slot
"Blazing Hot";PopOK;Slot
"Papai Noel Da Fortuna";PopOK;Slot
"Alpaca Pays";PopOK;Slot
"Sumo Baby";PopOK;Slot
"Fortune Panda";PopOK;Slot
"Yo Dragon";PopOK;Slot
"Tiki Quest";PopOK;Slot
"Magic Idol";PopOK;Slot
"Mines";PopOK;Instant Win
"Plinko";PopOK;Instant Win
"Crash Extreme";PopOK;Crash
"Crash Infinity";PopOK;Crash
"Lucky Spin";PopOK;Slot
"Fortune Crash";PopOK;Crash
"Avi";PopOK;Slot
"Rico Toucano";PopOK;Slot
"Rico Tiger";PopOK;Slot
"Rico Dj";PopOK;Slot
"Rico Rabbit";PopOK;Slot
"Rico Gorilla";PopOK;Slot
"Lucky Jungle 1024";PopOK;Slot
"Lucky Jungle";PopOK;Slot
"40 Hot Bar Extra";PopOK;Slot
"40 Hot Bar";PopOK;Slot
"20 Hot Bar";PopOK;Slot
"Hot Bar";PopOK;Slot
"100 Lucky Bell";PopOK;Slot
"40 Lucky Bell";PopOK;Slot
"20 Lucky Bell";PopOK;Slot
"Bear Crazy";Pragmatic Play;Slot
"Wisdom Of Athena 1000";Pragmatic Play;Slot
"Speed Roleta Brasileira";Pragmatic Play;Ao Vivo
"Roleta Brasileira";Pragmatic Play;Ao Vivo
"Candy Rush";Pragmatic Play;Slot
"Joker's Revenge";Pragmatic Play;Slot
"Caishen's Cash Pots";Pragmatic Play;Slot
"Sanatorium Secrets";Pragmatic Play;Slot
"Book Of Monsters";Pragmatic Play;Slot
"Blackjack 2";Pragmatic Play;Ao Vivo
"Blackjack 28";Pragmatic Play;Ao Vivo
"Blackjack Brasileiro";Pragmatic Play;Ao Vivo
"Mega Roleta Brasileira";Pragmatic Play;Ao Vivo
"Free Bet Blackjack 1";Pragmatic Play;Ao Vivo
"Mega Sic Bac";Pragmatic Play;Slot
"Auto Roulette";Pragmatic Play;Ao Vivo
"Big Bass Football Bonanza";Pragmatic Play;Slot
"Seotda Baccarat";Pragmatic Play;Ao Vivo
"The Big Dog House";Pragmatic Play;Slot
"Dragon's Gate Bonus Choice";Pragmatic Play;Slot
"Triple Pot Plinko Hercules";Pragmatic Play;Instant Win
"Mr Null's Wicked Wares";Pragmatic Play;Slot
"Launch To Riches";Pragmatic Play;Slot
"Heartbreakers";Pragmatic Play;Slot
"Fiesta Fortune";Pragmatic Play;Slot
"Limbo+";Pragmatic Play;Crash
"Dragon Pots Megaways";Pragmatic Play;Slot
"Sweet Bonanza 2500";Pragmatic Play;Slot
"Fire Stampede Ultimate";Pragmatic Play;Slot
"Fire Stampede 2";Pragmatic Play;Slot
"Fire Stampede";Pragmatic Play;Slot
"Buffalo King Untamed Megaways";Pragmatic Play;Slot
"Buffalo King Megaways";Pragmatic Play;Slot
"Buffalo King";Pragmatic Play;Slot
"Gates Of Olympus Roulette";Pragmatic Play;Ao Vivo
"Great Ghosts";Pragmatic Play;Slot
"Inca Queen";Pragmatic Play;Slot
"Big Bass Trophy Catch";Pragmatic Play;Slot
"Mirage City";Pragmatic Play;Slot
"Idol Pop Fever";Pragmatic Play;Slot
"Big Bass Vegas Double Down Deluxe";Pragmatic Play;Slot
"Speed Baccarat 6";Pragmatic Play;Ao Vivo
"Speed Baccarat 17";Pragmatic Play;Ao Vivo
"Speed Baccarat 16";Pragmatic Play;Ao Vivo
"Baccarat 9";Pragmatic Play;Ao Vivo
"Blackjack 26";Pragmatic Play;Ao Vivo
"Blackjack 30";Pragmatic Play;Ao Vivo
"Blackjack 22";Pragmatic Play;Ao Vivo
"Vip Blackjack 11";Pragmatic Play;Ao Vivo
"Vip Blackjack 9";Pragmatic Play;Ao Vivo
"Vip Blackjack 12";Pragmatic Play;Ao Vivo
"Vip Blackjack 13";Pragmatic Play;Ao Vivo
"Vip Blackjack 14";Pragmatic Play;Ao Vivo
"Blackjack 132";Pragmatic Play;Ao Vivo
"Blackjack 24";Pragmatic Play;Ao Vivo
"Blackjack 131";Pragmatic Play;Ao Vivo
"Blackjack 32";Pragmatic Play;Ao Vivo
"Blackjack 74";Pragmatic Play;Ao Vivo
"Snow Party";Pragmatic Play;Slot
"Free Bet Blackjack 2";Pragmatic Play;Ao Vivo
"Free Bet Blackjack";Pragmatic Play;Ao Vivo
"Triple Pot Diamond";Pragmatic Play;Slot
"Chicken+";Pragmatic Play;Slot
"Dragão Feliz";Pragmatic Play;Slot
"Lobster Bob's Crazy Crab Shack";Pragmatic Play;Slot
"Steamin' Reels";Pragmatic Play;Slot
"Happy Dragon";Pragmatic Play;Slot
"Jelly Express";Pragmatic Play;Slot
"Lucky's Wild Pub";Pragmatic Play;Slot
"Tut’s Treasure Tower";Pragmatic Play;Slot
"Big Bass Raceday Repeat";Pragmatic Play;Slot
"Lucky's Wild Pub 2";Pragmatic Play;Slot
"Cult";Pragmatic Play;Slot
"Wild Skullz";Pragmatic Play;Slot
"Spire+";Pragmatic Play;Slot
"Haunted Crypt";Pragmatic Play;Slot
"Sic Bo & Dragon Tiger";Pragmatic Play;Ao Vivo
"Sweet Bonanza Candyland";Pragmatic Play;Slot
"Mega Wheel";Pragmatic Play;Ao Vivo
"Dice City";Pragmatic Play;Ao Vivo
"Sic Bo";Pragmatic Play;Ao Vivo
"Money Time";Pragmatic Play;Slot
"The Bingo Spot";Pragmatic Play;Slot
"Dog House Dice Show";Pragmatic Play;Ao Vivo
"Mummy's Jewels 100";Pragmatic Play;Slot
"Rolling In Treasures";Pragmatic Play;Slot
"Treasures Of Osiris";Pragmatic Play;Slot
"5 Lions Megaways 2";Pragmatic Play;Slot
"Tigre Sortudo Dourado";Pragmatic Play;Slot
"Emerald King Wheel Of Wealth";Pragmatic Play;Slot
"Lucky Tiger Gold";Pragmatic Play;Slot
"Knights Vs Barbarians";Pragmatic Play;Slot
"Zeus Vs Hades Gods Of War 250";Pragmatic Play;Slot
"Big Bass Return To The Races";Pragmatic Play;Slot
"3 Magic Eggs";Pragmatic Play;Slot
"Zeus Vs Hades Gods Of War";Pragmatic Play;Slot
"888 Dragons";Pragmatic Play;Slot
"Snakes & Ladders Snake Eyes";Pragmatic Play;Slot
"Raging Waterfall Megaways";Pragmatic Play;Slot
"888 Gold";Pragmatic Play;Slot
"The Money Men Megaways";Pragmatic Play;Slot
"Pirates Pub";Pragmatic Play;Slot
"Fire Archer";Pragmatic Play;Slot
"Hellvis Wild";Pragmatic Play;Slot
"Ripe Rewards";Pragmatic Play;Slot
"Demon Pots";Pragmatic Play;Slot
"Secret City Gold";Pragmatic Play;Slot
"The Knight King";Pragmatic Play;Slot
"Lamp Of Infinity";Pragmatic Play;Slot
"Pinup Girls";Pragmatic Play;Slot
"Heist For The Golden Nuggets";Pragmatic Play;Slot
"Heart Of Cleopatra";Pragmatic Play;Slot
"Fruity Treats";Pragmatic Play;Slot
"Candy Blitz Bombs";Pragmatic Play;Slot
"Release The Bison";Pragmatic Play;Slot
"Snakes & Ladders";Pragmatic Play;Slot
"Gods Of Giza";Pragmatic Play;Slot
"Power Ball";Pragmatic Play;Slot
"Mahjong Wins";Pragmatic Play;Slot
"Mahjong Wins 2";Pragmatic Play;Slot
"Cyberheist City";Pragmatic Play;Slot
"Super Tiki Strike";Pragmatic Play;Slot
"Sweet Burst";Pragmatic Play;Slot
"Dragon Tiger Fortunes";Pragmatic Play;Slot
"Sugar Rush Super Scatter";Pragmatic Play;Slot
"Floating Dragon Wild Horses";Pragmatic Play;Slot
"Emotiwins";Pragmatic Play;Slot
"Floating Dragon Hold & Spin Megaways";Pragmatic Play;Slot
"Gates Of Olympus Super Scatter";Pragmatic Play;Slot
"Gates Of Olympus Xmas 1000";Pragmatic Play;Slot
"Gates Of Olympus";Pragmatic Play;Slot
"Hot Tuna";Pragmatic Play;Slot
"Santa's Great Gifts";Pragmatic Play;Slot
"Rise Of Pyramids";Pragmatic Play;Slot
"Barnyard Megahays Megaways";Pragmatic Play;Slot
"Joker's Jewels Hold And Spin";Pragmatic Play;Slot
"Wheel Of Happiness";Pragmatic Play;Slot
"Dj Neko";Pragmatic Play;Slot
"Wealthy Frog";Pragmatic Play;Slot
"Sweet Craze";Pragmatic Play;Slot
"Super Trunfo Futebol";Pragmatic Play;Slot
"Anaconda Gold";Pragmatic Play;Slot
"Beware The Deep Megaways";Pragmatic Play;Slot
"Bigger Bass Splash";Pragmatic Play;Slot
"Angel Vs Sinner";Pragmatic Play;Slot
"Fortune Of Olympus";Pragmatic Play;Slot
"Hammerstorm";Pragmatic Play;Slot
"Lucky Panda";Pragmatic Play;Slot
"Tigre Sortudo";Pragmatic Play;Slot
"Mining Rush";Pragmatic Play;Slot
"Big Bass Splash 1000";Pragmatic Play;Slot
"Bloody Dawn";Pragmatic Play;Slot
"Blackjack 23";Pragmatic Play;Ao Vivo
"Blackjack 19";Pragmatic Play;Ao Vivo
"Azure Blackjack 32";Pragmatic Play;Ao Vivo
"Azure Blackjack 19";Pragmatic Play;Ao Vivo
"Azure Blackjack 27";Pragmatic Play;Ao Vivo
"Immersive Roulette Deluxe";Pragmatic Play;Mesa RNG
"Privé Lounge Baccarat 4";Pragmatic Play;Ao Vivo
"Fortune 6 Baccarat";Pragmatic Play;Ao Vivo
"Korean Speed Baccarat 4";Pragmatic Play;Ao Vivo
"Korean Speed Baccarat 1";Pragmatic Play;Ao Vivo
"Speed Baccarat 15";Pragmatic Play;Ao Vivo
"Speed Baccarat 14";Pragmatic Play;Ao Vivo
"Speed Baccarat 13";Pragmatic Play;Ao Vivo
"Speed Baccarat 12";Pragmatic Play;Ao Vivo
"Speed Baccarat 11";Pragmatic Play;Ao Vivo
"Speed Baccarat 10";Pragmatic Play;Ao Vivo
"Speed Baccarat 9";Pragmatic Play;Ao Vivo
"Speed Baccarat 8";Pragmatic Play;Ao Vivo
"Speed Baccarat 7";Pragmatic Play;Ao Vivo
"Speed Baccarat 5";Pragmatic Play;Ao Vivo
"Speed Baccarat 3";Pragmatic Play;Ao Vivo
"Speed Baccarat 2";Pragmatic Play;Ao Vivo
"Speed Baccarat 1";Pragmatic Play;Ao Vivo
"Speed Baccarat";Pragmatic Play;Ao Vivo
"Baccarat 8";Pragmatic Play;Ao Vivo
"Baccarat 7";Pragmatic Play;Ao Vivo
"Baccarat 6";Pragmatic Play;Ao Vivo
"Baccarat 5";Pragmatic Play;Ao Vivo
"Baccarat 4";Pragmatic Play;Ao Vivo
"Baccarat 3";Pragmatic Play;Ao Vivo
"Baccarat 2";Pragmatic Play;Ao Vivo
"Baccarat 1";Pragmatic Play;Ao Vivo
"Speed Baccarat Brasileiro 3";Pragmatic Play;Ao Vivo
"Turkish Blackjack 2";Pragmatic Play;Ao Vivo
"Turkish Blackjack 1";Pragmatic Play;Ao Vivo
"Azure Blackjack 27 Blackjack League";Pragmatic Play;Ao Vivo
"Azure Blackjack 26 Blackjack League";Pragmatic Play;Ao Vivo
"Azure Blackjack 21 Blackjack League";Pragmatic Play;Ao Vivo
"Azure Blackjack 17 Blackjack League";Pragmatic Play;Ao Vivo
"Azure Blackjack 21";Pragmatic Play;Ao Vivo
"Azure Blackjack 20";Pragmatic Play;Ao Vivo
"Azure Blackjack 18";Pragmatic Play;Ao Vivo
"Azure Blackjack 17";Pragmatic Play;Ao Vivo
"Azure Blackjack 16";Pragmatic Play;Ao Vivo
"Azure Blackjack 10";Pragmatic Play;Ao Vivo
"Azure Blackjack 1";Pragmatic Play;Ao Vivo
"Blackjack 9";Pragmatic Play;Ao Vivo
"Blackjack 8";Pragmatic Play;Ao Vivo
"Blackjack 7";Pragmatic Play;Ao Vivo
"Blackjackx 25";Pragmatic Play;Ao Vivo
"Blackjackx 24";Pragmatic Play;Ao Vivo
"Blackjackx 21";Pragmatic Play;Ao Vivo
"Blackjackx 20";Pragmatic Play;Ao Vivo
"Blackjackx 19";Pragmatic Play;Ao Vivo
"Blackjackx 18";Pragmatic Play;Ao Vivo
"Blackjackx 17";Pragmatic Play;Ao Vivo
"Blackjackx 16";Pragmatic Play;Ao Vivo
"Blackjackx 15";Pragmatic Play;Ao Vivo
"Blackjackx 14";Pragmatic Play;Ao Vivo
"Blackjackx 10";Pragmatic Play;Ao Vivo
"Blackjackx 9";Pragmatic Play;Ao Vivo
"Blackjackx 8";Pragmatic Play;Ao Vivo
"Blackjackx 7";Pragmatic Play;Ao Vivo
"Blackjackx 6";Pragmatic Play;Ao Vivo
"Blackjackx 5";Pragmatic Play;Ao Vivo
"Blackjackx 4";Pragmatic Play;Ao Vivo
"Blackjackx 3";Pragmatic Play;Ao Vivo
"Blackjackx 2";Pragmatic Play;Ao Vivo
"Blackjackx 1";Pragmatic Play;Ao Vivo
"Football Blitz";Pragmatic Play;Slot
"Azure Roulette";Pragmatic Play;Ao Vivo
"The Dog House Muttley Crew";Pragmatic Play;Slot
"Dog House Dog Or Alive";Pragmatic Play;Ao Vivo
"Alien Invaders";Pragmatic Play;Slot
"One Blackjack";Pragmatic Play;Ao Vivo
"Lucky 6 Roulette";Pragmatic Play;Ao Vivo
"Wisdom Of Athena 1000 Xmas";Pragmatic Play;Slot
"Big Bass Christmas Frozen Lake";Pragmatic Play;Slot
"Happy Nets";Pragmatic Play;Slot
"Zeus Vs Typhon";Pragmatic Play;Slot
"Club Tropicana Happy Hour";Pragmatic Play;Slot
"Club Tropicana";Pragmatic Play;Slot
"Super Gummy Strike";Pragmatic Play;Slot
"Santa's Slay";Pragmatic Play;Slot
"Sleeping Dragon";Pragmatic Play;Slot
"Lucky Dice";Pragmatic Play;Ao Vivo
"Duel Of Night And Day";Pragmatic Play;Slot
"Savannah Legend";Pragmatic Play;Slot
"Wild Wild Bananas";Pragmatic Play;Slot
"Oracle Of Gold";Pragmatic Play;Slot
"Wild Wild Riches Returns";Pragmatic Play;Slot
"Starlight Princess Pachi";Pragmatic Play;Slot
"Starlight Princess 1000";Pragmatic Play;Slot
"Starlight Princess";Pragmatic Play;Slot
"Starlight Christmas";Pragmatic Play;Slot
"Starlight Princess Super Scatter";Pragmatic Play;Slot
"Big Bass Amazon Xtreme";Pragmatic Play;Slot
"Blitz Superwheel";Pragmatic Play;Slot
"Pandemic Rising";Pragmatic Play;Slot
"Frightening Frankie";Pragmatic Play;Slot
"Lava Balls";Pragmatic Play;Slot
"Bingo Mania";Pragmatic Play;Slot
"Big Bass Halloween 3";Pragmatic Play;Slot
"Code Of Cairo";Pragmatic Play;Slot
"Chests Of Cai Shen 2";Pragmatic Play;Slot
"Chests Of Cai Shen";Pragmatic Play;Slot
"Mystic Wishes";Pragmatic Play;Slot
"Mermaid's Treasure Trove";Pragmatic Play;Slot
"777 Rush";Pragmatic Play;Slot
"Hundreds And Thousands";Pragmatic Play;Slot
"Sweet Rush Bonanza";Pragmatic Play;Slot
"Powerup Roulette";Pragmatic Play;Ao Vivo
"Mega Roleta";Pragmatic Play;Slot
"High Flyer";Pragmatic Play;Slot
"Auto Mega Roulette";Pragmatic Play;Ao Vivo
"Bounty Hunter";Pragmatic Play;Slot
"Bigger Barn House Bonanza";Pragmatic Play;Slot
"Azure Blackjack 28";Pragmatic Play;Ao Vivo
"Azure Blackjack 30";Pragmatic Play;Ao Vivo
"Azure Blackjack";Pragmatic Play;Ao Vivo
"Roulette";Pragmatic Play;Ao Vivo
"Lobster House";Pragmatic Play;Slot
"Genie's Gem Bonanza";Pragmatic Play;Slot
"Bee Keeper";Pragmatic Play;Slot
"Brazilian Speed Baccarat 3";Pragmatic Play;Ao Vivo
"Captain Kraken";Pragmatic Play;Slot
"Olympus Wins";Pragmatic Play;Slot
"Big Bass Reel Repeat";Pragmatic Play;Slot
"Jackpot Blaze";Pragmatic Play;Slot
"Wolf Gold 4 Pack";Pragmatic Play;Slot
"Spellmaster";Pragmatic Play;Slot
"Ice Mints";Pragmatic Play;Slot
"Pirate Queen 2";Pragmatic Play;Slot
"Mystery Joker 6000";Pragmatic Play;Slot
"Starlight Wins";Pragmatic Play;Slot
"Mystery Joker";Pragmatic Play;Slot
"Galaxy Miner";Pragmatic Play;Slot
"Gem Trio";Pragmatic Play;Slot
"Santas Gift Rush";Pragmatic Play;Slot
"Rocket Reels";Pragmatic Play;Crash
"The Dog House Royal Hunt";Pragmatic Play;Slot
"5 Lions Reborn";Pragmatic Play;Slot
"Aztec Powernudge";Pragmatic Play;Slot
"Big Bass Day At The Races";Pragmatic Play;Slot
"The Hand Of Midas";Pragmatic Play;Slot
"Snakes & Ladders Megadice";Pragmatic Play;Ao Vivo
"Wild Celebrity Bus Megaways";Pragmatic Play;Slot
"Treasure Wild";Pragmatic Play;Slot
"Super X";Pragmatic Play;Slot
"Viking Forge";Pragmatic Play;Slot
"Wild Bison Charge";Pragmatic Play;Slot
"Twilight Princess";Pragmatic Play;Slot
"Rainbow Gold";Pragmatic Play;Slot
"Zombie Carnival";Pragmatic Play;Slot
"Power Of Merlin Megaways";Pragmatic Play;Slot
"Pizza Pizza Pizza";Pragmatic Play;Slot
"Madame Destiny Megaways";Pragmatic Play;Slot
"Tropical Tiki";Pragmatic Play;Slot
"Master Chens Fortune";Pragmatic Play;Slot
"Dragon Kingdom Eyes Of Fire";Pragmatic Play;Slot
"Lucky Lightning";Pragmatic Play;Slot
"Sky Bounty";Pragmatic Play;Slot
"Mochimon";Pragmatic Play;Slot
"Wild Hop & Drop";Pragmatic Play;Slot
"Muertos Multiplier Megaways";Pragmatic Play;Slot
"Octobeer Fortunes";Pragmatic Play;Slot
"Piggy Bankers";Pragmatic Play;Slot
"Santas Great Gifts";Pragmatic Play;Slot
"Monsters Superlanche";Pragmatic Play;Slot
"Sword Of Ares";Pragmatic Play;Slot
"The Ultimate 5";Pragmatic Play;Slot
"Queenie";Pragmatic Play;Slot
"Sticky Bees";Pragmatic Play;Slot
"Sweet Powernudge";Pragmatic Play;Slot
"Spirit Of Adventure";Pragmatic Play;Slot
"Gates Of Valhalla";Pragmatic Play;Slot
"Rise Of Giza Powernudge";Pragmatic Play;Slot
"Heart Of Rio";Pragmatic Play;Slot
"Honey Honey Honey";Pragmatic Play;Slot
"Extra Juicy Megaways";Pragmatic Play;Slot
"Cowboy Coins";Pragmatic Play;Instant Win
"Fury Od Odin Megaways";Pragmatic Play;Slot
"Elemental Gems Megaways";Pragmatic Play;Slot
"Fire 88";Pragmatic Play;Slot
"Congo Cash";Pragmatic Play;Slot
"Cash Patrol";Pragmatic Play;Slot
"Bounty Gold";Pragmatic Play;Slot
"Christmas Carol Megaways";Pragmatic Play;Slot
"Cash Elevator";Pragmatic Play;Slot
"Clover Gold";Pragmatic Play;Slot
"Fruit Party 2";Pragmatic Play;Slot
"Cleocatra";Pragmatic Play;Slot
"Drago Jewels Of Fortune";Pragmatic Play;Slot
"Diamond Strike";Pragmatic Play;Slot
"Fire Strike";Pragmatic Play;Slot
"Big Juan";Pragmatic Play;Slot
"Black Bull";Pragmatic Play;Slot
"Rocket Blast Megaways";Pragmatic Play;Crash
"Wild Wild Riches";Pragmatic Play;Slot
"Wild West Gold Megaways";Pragmatic Play;Slot
"Wild West Gold";Pragmatic Play;Slot
"Release The Kraken 2";Pragmatic Play;Slot
"Release The Kraken";Pragmatic Play;Slot
"Great Rhino Megaways";Pragmatic Play;Slot
"5 Lions Megaways";Pragmatic Play;Slot
"5 Lions";Pragmatic Play;Slot
"Castle Of Fire";Pragmatic Play;Slot
"Fat Panda";Pragmatic Play;Slot
"Fortune Of Giza";Pragmatic Play;Slot
"Cowboys Gold";Pragmatic Play;Slot
"Crown Of Fire";Pragmatic Play;Slot
"Zombie Outbreak";Pragmatic Play;Slot
"Blazing Wilds Megaways";Pragmatic Play;Slot
"5 Lions Gold";Pragmatic Play;Slot
"Wolf Gold";Pragmatic Play;Slot
"Gold Party 2 After Hours";Pragmatic Play;Slot
"The Dog House Megaways";Pragmatic Play;Slot
"The Dog House";Pragmatic Play;Slot
"Bigger Bass Blizzard";Pragmatic Play;Slot
"Bigger Bass Bonanza";Pragmatic Play;Slot
"Big Bass Christmas Bash";Pragmatic Play;Slot
"Big Bass Bonanza Megaways";Pragmatic Play;Slot
"Aztec Bonanza";Pragmatic Play;Slot
"Sweet Bonanza Xmas";Pragmatic Play;Slot
"Drill That Gold";Pragmatic Play;Slot
"Dog House Multihold";Pragmatic Play;Slot
"Fruit Party";Pragmatic Play;Slot
"Floating Dragon Boat Festival";Pragmatic Play;Slot
"Mustang Trail";Pragmatic Play;Slot
"Barn Festival";Pragmatic Play;Slot
"Christmas Big Bass Bonanza";Pragmatic Play;Slot
"Chilli Heat";Pragmatic Play;Slot
"Mustang Gold";Pragmatic Play;Slot
"Candy Jar Clusters";Pragmatic Play;Slot
"Cyclops Smash";Pragmatic Play;Slot
"Dragon Hero";Pragmatic Play;Slot
"Power Of Thor Megaways";Pragmatic Play;Slot
"Big Bass Hold & Spinner";Pragmatic Play;Slot
"Big Bass Halloween";Pragmatic Play;Slot
"Hot Fiesta";Pragmatic Play;Slot
"Gems Bonanza";Pragmatic Play;Slot
"Sugar Rush Xmas";Pragmatic Play;Slot
"Fire Strike 2";Pragmatic Play;Slot
"Joker's Jewels";Pragmatic Play;Slot
"Sweet Bonanza 1000 Dice";Pragmatic Play;Ao Vivo
"Big Bass Bonanza";Pragmatic Play;Slot
"Great Rhino";Pragmatic Play;Slot
"Big Bass Mission Fishin";Pragmatic Play;Slot
"Master Joker";Pragmatic Play;Slot
"Hot Pepper";Pragmatic Play;Slot
"Wild West Duels";Pragmatic Play;Slot
"Aztec Gems Deluxe";Pragmatic Play;Slot
"Aztec Gems";Pragmatic Play;Slot
"Big Bass Floats My Boat";Pragmatic Play;Slot
"Fire Portals";Pragmatic Play;Slot
"Big Bass Secrets Of The Golden Lake";Pragmatic Play;Slot
"Sugar Supreme Powernudge";Pragmatic Play;Slot
"Big Bass Bonanza Reel Action";Pragmatic Play;Slot
"Forge Of Olympus";Pragmatic Play;Slot
"Big Bass Bonanza Keeping It Reel";Pragmatic Play;Slot
"Candy Blitz";Pragmatic Play;Slot
"Sugar Rush";Pragmatic Play;Slot
"Gold Party";Pragmatic Play;Slot
"Joker's Jewels Wild";Pragmatic Play;Slot
"Super 7s";Pragmatic Play;Slot
"Gates Of Olympus 1000";Pragmatic Play;Slot
"Big Bass Splash";Pragmatic Play;Slot
"Big Bass Bonanza 1000";Pragmatic Play;Slot
"Ratinho Sortudo";Pragmatic Play;Slot
"Macaco Sortudo";Pragmatic Play;Slot
"Sugar Rush 1000";Pragmatic Play;Slot
"Touro Sortudo";Pragmatic Play;Slot
"Big Bass Boxing Bonus Round";Pragmatic Play;Slot
"Sweet Bonanza 1000";Pragmatic Play;Slot
"Tigre Sortudo 1000";Pragmatic Play;Slot
"Joker's Edge";Prospect Gaming;Slot
"3 Dragon Pots";Prospect Gaming;Slot
"Classic Fruit";Prospect Gaming;Slot
"Mintes Coins";Prospect Gaming;Instant Win
"3 Lucky Minecarts";Prospect Gaming;Slot
"Sugar Monster";Red Tiger;Slot
"Voltage Blitz Vortex";Rubyplay;Slot
"Voltage Blitz Rapid";Rubyplay;Slot
"Voltage Blitz Egypt";Rubyplay;Slot
"Rio Pleasures";Rubyplay;Slot
"Bamboo Fortune";Rubyplay;Slot
"Brilliant Gems";Rubyplay;Slot
"#alice In The Wild";Rubyplay;Slot
"He He Yang";Rubyplay;Slot
"Cache Rush";Rubyplay;Slot
"True Wild";Rubyplay;Slot
"Zapotec Gold";Rubyplay;Slot
"Vegas No Limit Wins Se";Rubyplay;Slot
"Bufón Fortuna";Rubyplay;Slot
"Volcano Rising Se";Rubyplay;Slot
"Egyptian Sun Se";Rubyplay;Slot
"Book Of Riches Deluxe Chapter 2 Se";Rubyplay;Slot
"Match Blitz Scatter Shock";Rubyplay;Slot
"Shake Shake Money Tree";Rubyplay;Slot
"Shake Shake Leprechaun";Rubyplay;Slot
"Elephant Stampede Se";Rubyplay;Slot
"Stampede Rush Speedy Santa";Rubyplay;Slot
"Stampede Rush Trident";Rubyplay;Slot
"Grand Express Diamond Class";Rubyplay;Slot
"Fu Double Luck Diamond Explosion";Rubyplay;Slot
"Diamond Explosion Sweet Love";Rubyplay;Slot
"Diamond Explosion Patriots";Rubyplay;Slot
"Diamond Explosion Christmas Tango";Rubyplay;Slot
"Diamond Explosion 7s Se";Rubyplay;Slot
"Ten Ton Ways Goldfish";Rubyplay;Slot
"Ten Ton Ways Luck";Rubyplay;Slot
"Ten Ton Ways Stampede";Rubyplay;Slot
"Ten Ton Ways Odin's Gifts";Rubyplay;Slot
"Zeus Rush Fever";Rubyplay;Slot
"Zeus Rush Fever Deluxe Se";Rubyplay;Slot
"Sugar Rush Fever";Rubyplay;Slot
"Rush Fever Soda Pop";Rubyplay;Slot
"Rush Fever 7s Deluxe Se";Rubyplay;Slot
"Rush Fever Catch'em All";Rubyplay;Slot
"Go High Fruit";Rubyplay;Slot
"Go High Olympus";Rubyplay;Slot
"Go High Panda";Rubyplay;Slot
"Go High Gallina";Rubyplay;Slot
"Go High Puppy Love";Rubyplay;Slot
"Go High Joker";Rubyplay;Slot
"Go High Safari";Rubyplay;Slot
"J Mania Loco Habanero";Rubyplay;Slot
"J Mania Diamonds";Rubyplay;Slot
"J Mania 3 Buffalo";Rubyplay;Slot
"J Mania Hot Asses";Rubyplay;Slot
"J Mania Maniac";Rubyplay;Slot
"J Mania Lucky Pyggs";Rubyplay;Slot
"J Mania Triple Jam";Rubyplay;Slot
"Gummy Giga Match";Rubyplay;Slot
"Giga Match Sugar Skull";Rubyplay;Slot
"Giga Match North Pole";Rubyplay;Slot
"Giga Match Fruits";Rubyplay;Slot
"Giga Match Bunny";Rubyplay;Slot
"Giga Match Egypt";Rubyplay;Slot
"Giga Match Gems";Rubyplay;Slot
"Giga Match Moolah";Rubyplay;Slot
"Giga Match Phantasmal";Rubyplay;Slot
"Giga Match Mahjong";Rubyplay;Slot
"Immortal Ways Piñata";Rubyplay;Slot
"Immortal Ways 88 Charms";Rubyplay;Slot
"Immortal Ways Sweet Coin";Rubyplay;Slot
"Immortal Ways Champions";Rubyplay;Slot
"Immortal Ways Spooktacular";Rubyplay;Slot
"Immortal Ways Buffalo Se";Rubyplay;Slot
"Immortal Ways Luva";Rubyplay;Slot
"Immortal Ways Cleopatra";Rubyplay;Slot
"Immortal Ways Diamonds Se";Rubyplay;Slot
"Mad Hit Marlin Bonanza";Rubyplay;Slot
"Immortal Ways Heart To Heart";Rubyplay;Slot
"Immortal Ways Gallina Harvest";Rubyplay;Slot
"Immortal Ways Volcano";Rubyplay;Slot
"Immortal Ways Magic Gems";Rubyplay;Slot
"Mad Hit Wild Alice";Rubyplay;Slot
"Mad Hit Hidden Cities";Rubyplay;Slot
"Mad Hit Savannah";Rubyplay;Slot
"Mad Hit Full Steam";Rubyplay;Slot
"Mad Hit Diamonds";Rubyplay;Slot
"Mad Hit Gorillatron";Rubyplay;Slot
"Mad Hit Jokester";Rubyplay;Slot
"Mad Hit Devil";Rubyplay;Slot
"Mad Hit Mr Coin";Rubyplay;Slot
"Mad Hit Slippery Soap";Rubyplay;Slot
"Mad Hit Ho Ho Hot Pudding";Rubyplay;Slot
"Mad Hit Easter Eggsplosion";Rubyplay;Slot
"Mad Hit Gold";Rubyplay;Slot
"Voltage Blitz Zeus Up";Rubyplay;Slot
"Gates Of Merlyn";Smartsoft;Slot
"Jetx";Smartsoft;Crash
"Virtual Roulette";Smartsoft;Mesa RNG
"Virtual Classic Roulette";Smartsoft;Mesa RNG
"Virtual Burning Roulette";Smartsoft;Mesa RNG
"World War";Smartsoft;Slot
"Vipkeno";Smartsoft;Ao Vivo
"Viking";Smartsoft;Slot
"Zombies";Smartsoft;Slot
"Jackpot Blaze";Smartsoft;Slot
"Fortuna Trueways";Smartsoft;Slot
"Crazy Balls";Smartsoft;Slot
"Race Track";Smartsoft;Crash
"Marble Race";Smartsoft;Slot
"Ice Fishing";Smartsoft;Slot
"Fireball Roulette";Smartsoft;Ao Vivo
"Wolf Gold 4 Pack";Smartsoft;Slot
"Lucky Tiger Tadagaming";Smartsoft;Slot
"Lucky Jaguar 2 Tadagaming";Smartsoft;Slot
"Spellmaster";Smartsoft;Slot
"Ice Mints";Smartsoft;Slot
"Sixsixsix";Smartsoft;Slot
"Le Pharaoh";Smartsoft;Slot
"Pray For Three";Smartsoft;Slot
"Spinman";Smartsoft;Slot
"Brick House Bonanza";Smartsoft;Slot
"Fortune Coins";Smartsoft;Instant Win
"Fruity Wheel";Smartsoft;Slot
"Coin Tree";Smartsoft;Slot
"Crash Puck";Smartsoft;Crash
"Mines Grand";Smartsoft;Instant Win
"Bikini Lady";Smartsoft;Slot
"Fortune Hook";Smartsoft;Slot
"Golden Treasure";Smartsoft;Slot
"Golden Bank 2";Smartsoft;Slot
"Golden Bank";Smartsoft;Slot
"Joker Coins";Smartsoft;Instant Win
"Rapid Gems 777";Smartsoft;Slot
"Sweet Magic";Smartsoft;Slot
"Lucky Jaguar";Smartsoft;Slot
"Royal Shooter";Smartsoft;Slot
"3 Dragon Pots";Smartsoft;Slot
"Classic Fruit";Smartsoft;Slot
"Mintes Coins";Smartsoft;Instant Win
"3 Lucky Minecarts";Smartsoft;Slot
"Smoking Hot Fortunes";Smartsoft;Slot
"777 Everest Avalanche";Smartsoft;Slot
"Pirate Kingdom Megaways";Smartsoft;Slot
"Rainbow Wilds Scratch";Smartsoft;Scratchcard
"Busters Bones";Smartsoft;Slot
"Christmas Catch";Smartsoft;Slot
"Christmas Bonanza";Smartsoft;Slot
"Chinese Treasures";Smartsoft;Slot
"Castle Terror";Smartsoft;Slot
"Book Of Gods";Smartsoft;Slot
"Maneki 88 Fortunes";Smartsoft;Slot
"Maneki 88 Gold";Smartsoft;Slot
"Halloween Bonanza";Smartsoft;Slot
"Panda Luck";Smartsoft;Slot
"Four Luck Diamonds";Smartsoft;Slot
"Four Luck Clover";Smartsoft;Slot
"Mines Weeper";Smartsoft;Instant Win
"Forty Fruity Million";Smartsoft;Slot
"Mice & Magic";Smartsoft;Slot
"Fishing Club";Smartsoft;Slot
"Easter Heist";Smartsoft;Slot
"Dragon's Gold 100";Smartsoft;Slot
"Dragons Crash";Smartsoft;Crash
"Luck Ladys Clover";Smartsoft;Slot
"Dragon Age Hold & Win";Smartsoft;Slot
"Lucky Crew";Smartsoft;Slot
"Diamond Of Jungle";Smartsoft;Slot
"Deep Sea";Smartsoft;Slot
"Kraken Hunger";Smartsoft;Slot
"Chicken Rush";Smartsoft;Slot
"Jogo Do Bicho";Smartsoft;Slot
"Hit The Route";Smartsoft;Slot
"Book Of Kemet";Smartsoft;Slot
"Bone Bonanza";Smartsoft;Slot
"Beast Band";Smartsoft;Slot
"Avalon";Smartsoft;Slot
"Flirthing Scholar";Smartsoft;Slot
"Symbols Egypt";Smartsoft;Slot
"Gem Saviour";Smartsoft;Slot
"Vampires";Smartsoft;Slot
"Smash";Smartsoft;Slot
"Samurai";Smartsoft;Slot
"Russian Keno";Smartsoft;Ao Vivo
"Para Dice 10";Smartsoft;Ao Vivo
"Wild Jungle";Smartsoft;Slot
"Joker 4 Bonuses";Smartsoft;Slot
"Hunterx";Smartsoft;Slot
"Helicopterx";Smartsoft;Slot
"Genies Bonanza";Smartsoft;Slot
"Sweet Cocktail";Smartsoft;Slot
"Magic Garden";Smartsoft;Slot
"Magic Garden 40";Smartsoft;Slot
"Magic Garden 10";Smartsoft;Slot
"Foxy";Smartsoft;Slot
"Evolution";Smartsoft;Slot
"The Kingdom Of The Elves";Smartsoft;Slot
"Dark 100";Smartsoft;Slot
"Personal Roulette";Smartsoft;Ao Vivo
"Dark";Smartsoft;Slot
"Cricketx";Smartsoft;Slot
"Crazy Ape";Smartsoft;Slot
"Cow Boy";Smartsoft;Slot
"Classic Keno";Smartsoft;Ao Vivo
"Book Of Win";Smartsoft;Slot
"Bonus Roulette";Smartsoft;Ao Vivo
"Burning Ice 40";Smartsoft;Slot
"Burning Ice 10";Smartsoft;Slot
"Burning Ice";Smartsoft;Slot
"Babylon";Smartsoft;Slot
"Aztec Slot";Smartsoft;Slot
"Apollo 77";Smartsoft;Slot
"Double X";Smartsoft;Slot
"Big Win Cat";Smartsoft;Slot
"Moon Princess Power Love";Smartsoft;Slot
"Aztec Warrior Princess";Smartsoft;Slot
"Money Wheel";Smartsoft;Slot
"Grim Muerto";Smartsoft;Slot
"Eye Of The Kraken";Smartsoft;Slot
"Crazy Cows";Smartsoft;Slot
"Chinese New Year";Smartsoft;Slot
"Joker Poker";Smartsoft;Ao Vivo
"Deuces Wild Multi Hand";Smartsoft;Slot
"Jacks Or Better Multi Hand";Smartsoft;Slot
"Rage To Riches";Smartsoft;Slot
"Leprechaun Egypt";Smartsoft;Slot
"Dragon Ship";Smartsoft;Slot
"Photosafari";Smartsoft;Slot
"Fortune Teller";Smartsoft;Slot
"Cops N Robbers";Smartsoft;Slot
"Cats An Cash";Smartsoft;Slot
"3 Hand Casino Holdem";Smartsoft;Slot
"Xmas Plinko";Smartsoft;Instant Win
"Angry Elf Christmas Miner";Smartsoft;Slot
"Hoho Hodl";Smartsoft;Slot
"Wild Woof";Smartsoft;Slot
"Uplinko";Smartsoft;Instant Win
"Tikiz Juice";Smartsoft;Slot
"Super Hot Stacks";Smartsoft;Slot
"To Mars And Beyond";Smartsoft;Slot
"Rampage Smash 4 Cash";Smartsoft;Slot
"Raging Zeus Mines";Smartsoft;Instant Win
"Raging Zeus";Smartsoft;Slot
"Prospectors Plinko";Smartsoft;Instant Win
"Plinkgoal";Smartsoft;Instant Win
"Piggy Smash";Smartsoft;Slot
"Mighty Mammoth";Smartsoft;Slot
"Lobster Hotpot";Smartsoft;Slot
"Paddy Payouts";Smartsoft;Slot
"9 Jokers Stick And Spin";Smartsoft;Slot
"Jet Lucky 2";Smartsoft;Crash
"777 Jackpot Diamond Hold And Win";Smartsoft;Slot
"Lucky Ominer";Smartsoft;Slot
"Luke E Chance Inca Sun God";Smartsoft;Slot
"Golden Chick";Smartsoft;Slot
"Safari Mistery";Smartsoft;Slot
"Penaltyu Champion";Smartsoft;Instant Win
"Egypt Bonus Pot";Smartsoft;Slot
"Golden Dragon";Smartsoft;Slot
"Destino Das Almas";Smartsoft;Slot
"Six Or Out";Smartsoft;Slot
"Coin Miner 2";Smartsoft;Slot
"Coin Miner";Smartsoft;Slot
"Trial Phoenix";Smartsoft;Slot
"Ocean King Jackpot";Smartsoft;Slot
"Neko Fortune";Smartsoft;Slot
"Mines Gold";Smartsoft;Instant Win
"Mega Ace";Smartsoft;Slot
"Mayan Empire";Smartsoft;Slot
"King Arthur";Smartsoft;Slot
"Fortune Roulette 5000x";Smartsoft;Ao Vivo
"Egypts Glow";Smartsoft;Slot
"Dinosaur Tycon 2";Smartsoft;Slot
"Arena Figther";Smartsoft;Slot
"Reign Of Rome";Smartsoft;Slot
"Rad Maxx";Smartsoft;Slot
"Booze Bash";Smartsoft;Slot
"Freds Food Truck";Smartsoft;Slot
"Le King";Smartsoft;Slot
"Invictus";Smartsoft;Slot
"Eye Of Medusa";Smartsoft;Slot
"The Luxe";Smartsoft;Slot
"Galaxy Miner";Smartsoft;Slot
"Gem Trio";Smartsoft;Slot
"Medusa 2 A Busca Por Perseus";Smartsoft;Slot
"Emperors Favour";Smartsoft;Slot
"Win Win Won";Smartsoft;Slot
"Mad Cabs";Smartsoft;Slot
"Merry Megaways";Smartsoft;Slot
"Wolf Strike Hold And Win";Smartsoft;Slot
"Megaways Jack";Smartsoft;Slot
"Burn In Love";Smartsoft;Slot
"Chocolate Deluxe";Smartsoft;Slot
"Dragon King Hot Pots";Smartsoft;Slot
"Three Crazy Piggies";Smartsoft;Slot
"Devilicious";Smartsoft;Slot
"Samurai Code";Smartsoft;Slot
"Chicky Run";Smartsoft;Slot
"Mystic Potion";Smartsoft;Slot
"Gemstones Gold";Smartsoft;Slot
"Tsar Treasures";Smartsoft;Slot
"Werewolfs Hunt";Smartsoft;Slot
"Mafia Mayhem";Smartsoft;Slot
"Wild Ape";Smartsoft;Slot
"Speed Winner";Smartsoft;Slot
"Fortune Gems";Smartsoft;Slot
"Rise Of Ymir";Smartsoft;Slot
"Mighty Masks";Smartsoft;Slot
"Miami Multiplier";Smartsoft;Slot
"Mayan Stackways";Smartsoft;Slot
"Life And Death";Smartsoft;Slot
"Le Viking";Smartsoft;Slot
"Selly Slice";Smartsoft;Slot
"Sweet Kingdom";Smartsoft;Slot
"Money Pot";Smartsoft;Slot
"Catdiana";Smartsoft;Slot
"Avia Masters";Smartsoft;Slot
"Cash Collec Roulette";Smartsoft;Ao Vivo
"Volcano Goddess";Smartsoft;Slot
"Futebol Fever";Smartsoft;Slot
"Snoop Dog Dollars";Smartsoft;Slot
"Tropical Thunder";Smartsoft;Slot
"Escape The Pyramid Fire & Ice";Smartsoft;Slot
"Fonzos Feline Fortunes";Smartsoft;Slot
"Wild West Trueways";Smartsoft;Slot
"Heroic Spins";Smartsoft;Slot
"Crank It Up";Smartsoft;Slot
"Graffiti Rush";Smartsoft;Slot
"Rio Fantasia";Smartsoft;Slot
"3 Card Brag";Smartsoft;Slot
"Mega Bola Da Sorte";Smartsoft;Slot
"Medusa 1 The Curse Of Athena";Smartsoft;Slot
"Candy Burst";Smartsoft;Slot
"Forge Of Wealth";Smartsoft;Slot
"Super Golf Drive";Smartsoft;Slot
"Ultimate Striker";Smartsoft;Slot
"Bakery Bonanza";Smartsoft;Slot
"Hawaiian Tiki";Smartsoft;Slot
"Wild Bounty Showdown";Smartsoft;Slot
"Legend Of Perseus";Smartsoft;Slot
"The Queen's Banquet";Smartsoft;Slot
"Emoji Riches";Smartsoft;Slot
"Legendary Monkey King";Smartsoft;Slot
"Ways Of The Quilin";Smartsoft;Slot
"Honey Trap Diao Chan";Smartsoft;Slot
"Gem Saviour Sword";Smartsoft;Slot
"Mask Carnival";Smartsoft;Slot
"Heist Stakes";Smartsoft;Slot
"Galactic Gems";Smartsoft;Slot
"Bali Vacation Infinity Reels";Smartsoft;Slot
"Cruise Royale";Smartsoft;Slot
"Legend Of Hou Yi";Smartsoft;Slot
"Dreams Of Macau";Smartsoft;Slot
"Battleground Royale";Smartsoft;Slot
"Butterfly Blossom";Smartsoft;Slot
"Ninja Racoon Frenzy";Smartsoft;Slot
"Songkran Splash";Smartsoft;Slot
"Mistical Spirits";Smartsoft;Slot
"Journey To The Wealth";Smartsoft;Slot
"Fortune Gods";Smartsoft;Slot
"Dragon Legend";Smartsoft;Slot
"Raider Janes Crypt Of Fortune";Smartsoft;Slot
"Circus Delight";Smartsoft;Slot
"Safari Wilds";Smartsoft;Slot
"Totem Wonders";Smartsoft;Slot
"Win Win Fish Prawn Crab";Smartsoft;Slot
"Buffalo King Untamed Megaways";Smartsoft;Slot
"Super Joker";Smartsoft;Slot
"Stormy Witch";Smartsoft;Slot
"Secrets Of Cleopatra";Smartsoft;Slot
"Jetx3";Smartsoft;Crash
"Tales Of Egypt";Smartsoft;Slot
"Pompeii Megareels";Smartsoft;Slot
"Piggy Bank Bills";Smartsoft;Slot
"Romeo And Juliet";Smartsoft;Slot
"Santas Wonderland";Smartsoft;Slot
"Spin & Score";Smartsoft;Slot
"Magicians Secrets";Smartsoft;Slot
"John Hunter Scarab Queen";Smartsoft;Slot
"Wisdom Of Athena";Smartsoft;Slot
"Pot Of Fortune";Smartsoft;Slot
"3 Kingdoms Battle Of Red Cliffs";Smartsoft;Slot
"Lady The Moon";Smartsoft;Slot
"Lucky Grace Charm Mega Hold Spin";Smartsoft;Slot
"Hockey League Wild Match";Smartsoft;Slot
"Hockey League";Smartsoft;Slot
"Fortunes Of Aztec";Smartsoft;Slot
"Crystal Caverns";Smartsoft;Slot
"Firebird Spirit";Smartsoft;Slot
"Cosmic Cash";Smartsoft;Slot
"Eye Of Cleopatra";Smartsoft;Slot
"Gold Train";Smartsoft;Slot
"Great Reef";Smartsoft;Slot
"Dwarven Gold Deluxe";Smartsoft;Slot
"3 Dancing Monkeys";Smartsoft;Slot
"Ze Zeus";Smartsoft;Slot
"Amigo Wlld Luck";Amigo Gaming;Slot
"Hot Deco";Amusnet;Slot
"Kangaroo Land";Amusnet;Slot
"Kemets Dice";Amusnet;Ao Vivo
"Lucky Hot";Amusnet;Slot
"40 Lucky King";Amusnet;Slot
"40 Luxury Dice";Amusnet;Ao Vivo
"Magellan";Amusnet;Slot
"Mayan Spirit";Amusnet;Slot
"40 Mega Clover";Amusnet;Slot
"Oil Company II";Amusnet;Slot
"Onyx Auto Roulette";Amusnet;Ao Vivo
"Orient Story Deluxe";Amusnet;Slot
"20 Power Hot Dice Edition";Amusnet;Ao Vivo
"Aviator";Aviator Studio;Slot
"Aviamasters X mas";Bgaming;Slot
"Wild Moon Thieves X mas";Bgaming;Slot
"eupean roulette";Bgaming;Ao Vivo
"ice schatch silver";Bgaming;Slot
"ice schatch gold";Bgaming;Slot
"candy mosnta";Bgaming;Slot
"ice schatch bronze";Bgaming;Slot
"7 juicy fruts multihold";Bgaming;Slot
"64 Nuggets Hold and Win";Booming Games;Slot
"64 Presents Hold and Win";Booming Games;Slot
"Wild Silverback";Booming Games;Slot
"Ultra Buffalo Hold and Win";Booming Games;Slot
"Ultimate Hold N Win";Booming Games;Slot
"Twin Buffalo Hold and Win";Booming Games;Slot
"Trollfufu Bonanza";Booming Games;Slot
"TNT Bonanza 2";Booming Games;Slot
"TNT Bonanza";Booming Games;Slot
"Thunder Eagle Hold and Win Extreme 10,000";Booming Games;Slot
"The Wild Wings of Phoenix Deluxe";Booming Games;Slot
"The Chillies";Booming Games;Slot
"Tasty Bonanza 10,000";Booming Games;Slot
"Tasty Bonanza";Booming Games;Slot
"Super Duper";Booming Games;Slot
"Stampede Bonanza";Booming Games;Slot
"Spooktacular Bonanza";Booming Games;Slot
"Space Sam Walk and Win";Booming Games;Slot
"Shields of Gold Valkyrie Hold & Win";Booming Games;Slot
"Santa in Vegas";Booming Games;Slot
"Sacred Buffalo";Booming Games;Slot
"Reels Paradise";Booming Games;Slot
"Ra's Relics Bonanza";Booming Games;Slot
"Power of Hercules Bonanza";Booming Games;Slot
"Power of Atlantis Trio";Booming Games;Slot
"Polar Buffalo Hold and Win Extreme 25,000";Booming Games;Slot
"Mustangs and Stallions";Booming Games;Slot
"Mustang Hold and Win";Booming Games;Slot
"Mr. Oinkster's Power Hit";Booming Games;Slot
"Mr. Oinkster's Hold and Win";Booming Games;Slot
"Lucky Charms Trio";Booming Games;Slot
"Liberty and Freedom Hold and Win Extreme 10,000";Booming Games;Slot
"Legendary Diamonds";Booming Games;Slot
"Jester's Riches";Booming Games;Slot
"Jester's Bells Bonanza";Booming Games;Slot
"Inferno Fortune Power Hit";Booming Games;Slot
"Inferno Fortune InstaStrike";Booming Games;Slot
"Howling for Gold";Booming Games;Slot
"Hot Charge";Booming Games;Slot
"Holly Jolly Cash Pig";Booming Games;Slot
"Holly Jolly Bonanza 2";Booming Games;Slot
"Holly Jolly Bonanza";Booming Games;Slot
"Greek Legends";Booming Games;Slot
"Greedy for Gold Power Hit";Booming Games;Slot
"Gold Gold Gold Hold and Win";Booming Games;Slot
"Gold Gold Gold 5000";Booming Games;Slot
"Gold Gold Gold";Booming Games;Slot
"64 Gold Coins Hold and Win 20,000";Booming Games;Instant Win
"64 Gold Coins Hold & Win";Booming Games;Instant Win
"Gold and Glamour Hold and Win";Booming Games;Slot
"Gamblelicious Hold and Win";Booming Games;Slot
"Forbidden Temple Power Hit";Booming Games;Slot
"Fly On";Booming Games;Slot
"Flaming Chillies";Booming Games;Slot
"Fish Tales Monster Bass 10,000";Booming Games;Slot
"Fish Tales Monster Bass";Booming Games;Slot
"Fish Tales Halloween";Booming Games;Slot
"Fish Tales Double Catch";Booming Games;Slot
"Fish Tales Colossal Catch Link & Loot";Booming Games;Slot
"Easter Classics";Booming Games;Slot
"Dynamite Trio";Booming Games;Slot
"Cash Pig";Booming Games;Slot
"Cash Pig 2";Booming Games;Slot
"Cash Pig 2 15,000";Booming Games;Slot
"Chief Hawks Spirit Walk";Booming Games;Slot
"Classic Coins";Booming Games;Instant Win
"Classic Fantastic";Booming Games;Slot
"Coin Crusher Hold and Win";Booming Games;Slot
"Diamond Forge Link & Loot";Booming Games;Slot
"Diamond Hits";Booming Games;Slot
"Diamond Hits Trio InstaStrike";Booming Games;Slot
"Diamonds Diamonds Diamonds Hold and Win";Booming Games;Slot
"Diamonds of Liberty";Booming Games;Slot
"Berserkin' Buffalo Power Hit";Booming Games;Slot
"Black Friday Cart Craze";Booming Games;Slot
"Blazin’ Bonus";Booming Games;Slot
"Bonza Bucks Hold and Win Extreme 10,000";Booming Games;Slot
"Booming Seven Deluxe Legacy";Booming Games;Slot
"Buffalo Hold And Win";Booming Games;Slot
"Buffalo Hold and Win Extreme";Booming Games;Slot
"Buffalo Hold and Win Extreme 10,000";Booming Games;Slot
"Burning Classics";Booming Games;Slot
"Burning Classics 2";Booming Games;Slot
"Burning Classics 5000";Booming Games;Slot
"Burning Classics Royal Edition";Booming Games;Slot
"Burning Love";Booming Games;Slot
"Ronaldinho's Streetball Bonanza";Booming Games;Slot
"Ronaldinho Scores Shoot & Win";Booming Games;Slot
"Ronaldinho Spins";Booming Games;Slot
"Castle of Terror II,";BTG;Slot
"Auto Roulette Luxe";Creedroomz;Ao Vivo
"Baccarat A";Creedroomz;Ao Vivo
"Baccarat B";Creedroomz;Ao Vivo
"Baccarat C";Creedroomz;Ao Vivo
"Baccarat I";Creedroomz;Ao Vivo
"Baccarat VIP";Creedroomz;Ao Vivo
"BlackJack A";Creedroomz;Ao Vivo
"BlackJack B";Creedroomz;Ao Vivo
"BlackJack C";Creedroomz;Ao Vivo
"BlackJack Creed A";Creedroomz;Ao Vivo
"BlackJack Creed B";Creedroomz;Ao Vivo
"BlackJack Creed C";Creedroomz;Ao Vivo
"BlackJack Creed D";Creedroomz;Ao Vivo
"BlackJack Creed E";Creedroomz;Ao Vivo
"BlackJack Creed F";Creedroomz;Ao Vivo
"BlackJack Creed G";Creedroomz;Ao Vivo
"BlackJack Creed H";Creedroomz;Ao Vivo
"BlackJack Creed I";Creedroomz;Ao Vivo
"BlackJack Creed K";Creedroomz;Ao Vivo
"BlackJack Creed L";Creedroomz;Ao Vivo
"BlackJack Creed M";Creedroomz;Ao Vivo
"BlackJack Creed O";Creedroomz;Ao Vivo
"BlackJack Creed P";Creedroomz;Ao Vivo
"BlackJack Creed Q";Creedroomz;Ao Vivo
"BlackJack VIP A";Creedroomz;Ao Vivo
"BlackJack VIP B";Creedroomz;Ao Vivo
"BlackJack VIP C";Creedroomz;Ao Vivo
"Keno Live";Creedroomz;Ao Vivo
"Richie Wheel";Creedroomz;Slot
"Roulette A";Creedroomz;Ao Vivo
"Speed Blackjack Brazilian A";Creedroomz;Ao Vivo
"Panda Da Sorte";Evolution;Slot
"Barão vermelho ao vivo";Evolution;Crash
"lightning bac во";Evolution;Slot
"cahs noire";Evolution;Slot
"Mr.Thimble";Galaxsys;Slot
"Penalty Pro";GamingCorps;Instant Win
"whole lotta honey";GamingCorps;Slot
"88 treasures";GamingCorps;Slot
"Penalty Champion 2";GamingCorps;Instant Win
"Paddy's Payouts Race for riches";GamingCorps;Slot
"mega mammoth multiplier mayhem";GamingCorps;Slot
"9 hot fruits stick and spin 3x3";GamingCorps;Slot
"Gates of Hell Fire";GamingCorps;Slot
"expanding joker";GamingCorps;Slot
"Le Prechaun";Hacksaw;Slot
"GRUG MAKE FIRE";Hacksaw;Slot
"Mines Supreme";Hacksaw;Instant Win
"Aliens Among Us";Hacksaw;Slot
"death becomes you";Hacksaw;Slot
"Nitro nights (1)";Hacksaw;Slot
"nitro nights";Hacksaw;Slot
"DANDY DIAMONDS";Hacksaw;Slot
"Great Game Rockies";Hacksaw;Slot
"3 Gods of Goalympus 95";Iron Dog;Instant Win
"Jack frost's winter";PG soft;Slot
"zombie blasters";PG soft;Slot
"wildrix (1)";PG soft;Slot
"Rise Of Olympus 100Rise Of Olympus 100";Play N Go;Slot
"Fire Blaze Red Wizard";Playtech;Slot
"lotto madness";Playtech;Slot
"hot gems cash collect";Playtech;Slot
"joker rush";Playtech;Slot
"joker spin and roll";Playtech;Slot
"monkey mania 2";Playtech;Slot
"mystic mines";Playtech;Instant Win
"oink oink oink";Playtech;Slot
"oink oink oink astro snouts";Playtech;Slot
"oink oink oink pharaohs";Playtech;Slot
"oriana sorbs";Playtech;Slot
"piggy mania";Playtech;Slot
"pyramid linx";Playtech;Slot
"queen of the pyramids";Playtech;Slot
"queens mystery";Playtech;Slot
"toucan mania";Playtech;Slot
"tree wishes";Playtech;Slot
"triple meow riches";Playtech;Slot
"ultra ace";Playtech;Slot
"wild linx";Playtech;Slot
"halloween fortune";Playtech;Slot
"goood heavens";Playtech;Slot
"golden macaque";Playtech;Slot
"gold trio football";Playtech;Slot
"gold trio 10000";Playtech;Slot
"gold hit lucky granny";Playtech;Slot
"gold hit link tiger jones";Playtech;Slot
"gold hit link jp bacon co";Playtech;Slot
"gold hit lil demon 91 86";Playtech;Slot
"gold hit dragon bonanza";Playtech;Slot
"81 gold cascade";Playtech;Slot
"goal goal goal pachin goal";Playtech;Instant Win
"gladiator mega cash collect";Playtech;Slot
"gates of camelot";Playtech;Slot
"blue wizard cash collect and link";Playtech;Slot
"blackbeards hoard cash sacks";Playtech;Slot
"big sumo";Playtech;Slot
"big bad wolf cash collect link";Playtech;Slot
"baa baa baa";Playtech;Slot
"azteca cash collect";Playtech;Slot
"aztec fruits";Playtech;Slot
"aloha waii cash collect 95";Playtech;Slot
"aloha waii cash collect";Playtech;Slot
"age of the gods wheels of olympus";Playtech;Slot
"age of the gods king of olympus megaways";Playtech;Slot
"age of the gods king of olympus fireblaze xtreme";Playtech;Slot
"age of the gods helios";Playtech;Slot
"age of the gods god of storms ii";Playtech;Slot
"age of the gods god of storms fireblaze";Playtech;Slot
"age of the gods god of storms 3";Playtech;Slot
"age of the gods god of storms";Playtech;Slot
"age of the gods cash collect";Playtech;Slot
"age of the gods gold trio";Playtech;Slot
"age of the gods amazon wild";Playtech;Slot
"age of the dogs";Playtech;Slot
"wild roll";Playtech;Slot
"witches cash collect";Playtech;Slot
"wizzy trix";Playtech;Slot
"wolves cash collect link b1";Playtech;Slot
"rabbit and the fox";Playtech;Slot
"reaction link";Playtech;Slot
"ready steady robo";Playtech;Slot
"red wizard bank it up";Playtech;Slot
"roman fruits";Playtech;Slot
"roving clover";Playtech;Slot
"sahara riches cash collect";Playtech;Slot
"sahara riches cash collect max";Playtech;Slot
"samurai fury";Playtech;Slot
"santa surprise";Playtech;Slot
"silent samurai mega cash collect";Playtech;Slot
"silver bullet bandit cash collect";Playtech;Slot
"solar eclipse desert treasure";Playtech;Slot
"spin em round";Playtech;Slot
"15 stars ablaze";Playtech;Slot
"20 stars ablaze";Playtech;Slot
"9 stars ablaze";Playtech;Slot
"streak of luck";Playtech;Slot
"super stepper";Playtech;Slot
"sweet n juicy";Playtech;Slot
"the racaroon";Playtech;Slot
"the sweetest cash collect";Playtech;Slot
"tigers pride gold pile";Playtech;Slot
"kick it multiplayer";Playtech;Slot
"ka ching boom";Playtech;Slot
"king blitz";Playtech;Slot
"king of giza mega cash collect and link";Playtech;Slot
"lights of luck";Playtech;Slot
"lil demon mega cash collect";Playtech;Slot
"lil greedy";Playtech;Slot
"lil sphinx";Playtech;Slot
"lion mania";Playtech;Slot
"lucky bass mega cash collect";Playtech;Slot
"macabra linx";Playtech;Slot
"mahjong magic";Playtech;Slot
"mega fireblaze big circus";Playtech;Slot
"mega fireblaze dwarves and goblins";Playtech;Slot
"mega fireblaze jackpots legacy of the tiger";Playtech;Slot
"mega fireblaze khonsu god of moon";Playtech;Slot
"mega fireblaze piggies and the bank";Playtech;Slot
"bubble gum burst";Playtech;Slot
"buffalo blitz cash collect";Playtech;Slot
"buffalo blitz ii";Playtech;Slot
"bullseye bandits triple way jackpots";Playtech;Slot
"circuit shock";Playtech;Slot
"busted or bailed";Playtech;Slot
"candy roll";Playtech;Slot
"cannonball riches";Playtech;Slot
"cash it multiplayer";Playtech;Slot
"clover flip";Playtech;Slot
"4 crazy cluckers";Playtech;Slot
"diamond bet roulette";Playtech;Ao Vivo
"diamond match deluxe";Playtech;Slot
"diamond rise";Playtech;Slot
"double digger";Playtech;Slot
"drop for top";Playtech;Slot
"el ranchero cash collect diamond path";Playtech;Slot
"eternal lady";Playtech;Slot
"fireblaze golden amazing factory";Playtech;Slot
"fish trio";Playtech;Slot
"fluffy favourites";Playtech;Slot
"fluffy fishin";Playtech;Slot
"football carnaval";Playtech;Slot
"free the dragon";Playtech;Slot
"full moon white thunder";Playtech;Slot
"Tappy Bird";PopOK;Slot
"Fruit X";PopOK;Slot
"Color Hunt";PopOK;Slot
"40 Money Tree Lucky Coin";PopOK;Slot
"Money Tree";PopOK;Slot
"Vietnamese Speed Baccarat 3";Pragmatic Play;Ao Vivo
"Vietnamese Speed Baccarat 2";Pragmatic Play;Ao Vivo
"Thai Speed Baccarat 2";Pragmatic Play;Ao Vivo
"Thai Baccarat 1";Pragmatic Play;Ao Vivo
"Speed Roulette Latina";Pragmatic Play;Ao Vivo
"Amazing Baccarat";Pragmatic Play;Ao Vivo
"Privé Lounge Blackjack 12";Pragmatic Play;Ao Vivo
"Privé Lounge Blackjack 11";Pragmatic Play;Ao Vivo
"Privé Lounge Baccarat Squeeze 2";Pragmatic Play;Ao Vivo
"Privé Lounge Baccarat Squeeze 1";Pragmatic Play;Ao Vivo
"ONE Blackjack Latino";Pragmatic Play;Ao Vivo
"Korean Turbo Baccarat 1";Pragmatic Play;Ao Vivo
"Korean Baccarat 2";Pragmatic Play;Ao Vivo
"Indonesian Speed Baccarat 2";Pragmatic Play;Ao Vivo
"Blackjack Latino 12";Pragmatic Play;Ao Vivo
"Blackjack Latino 11";Pragmatic Play;Ao Vivo
"Blackjack Latino 5";Pragmatic Play;Ao Vivo
"Blackjack Latino 4";Pragmatic Play;Ao Vivo
"Blackjack Latino 3";Pragmatic Play;Ao Vivo
"Blackjack Latino 2";Pragmatic Play;Ao Vivo
"Blackjack Latino 1";Pragmatic Play;Ao Vivo
"Blackjack 126";Pragmatic Play;Ao Vivo
"Blackjack 125";Pragmatic Play;Ao Vivo
"Blackjack 124";Pragmatic Play;Ao Vivo
"Blackjack 123";Pragmatic Play;Ao Vivo
"Blackjack 122";Pragmatic Play;Ao Vivo
"Blackjack 121";Pragmatic Play;Ao Vivo
"Blackjack 120";Pragmatic Play;Ao Vivo
"Blackjack 119";Pragmatic Play;Ao Vivo
"Blackjack 118";Pragmatic Play;Ao Vivo
"Blackjack 117";Pragmatic Play;Ao Vivo
"Blackjack 116";Pragmatic Play;Ao Vivo
"Blackjack 115";Pragmatic Play;Ao Vivo
"Cosmic Clusters";Pragmatic Play;Slot
"Out of the Woods";Pragmatic Play;Slot
"Big Bass Blast";Pragmatic Play;Slot
"Luxor of Cleopatra";Pragmatic Play;Slot
"Hell butcher";Pragmatic Play;Slot
"Fury of Anubis";Pragmatic Play;Slot
"wildrix";Pragmatic Play;Slot
"Mahjong Wins Triple Pot";Pragmatic Play;Slot
"Better Barn House Bonanza";Pragmatic Play;Slot
"big bass mission fishin'";Pragmatic Play;Slot
"egypt clusterbuster";Red Tiger;Slot
"Immortal Ways 3 Fates";Rubyplay;Slot
"World Champion X";Smartsoft;Slot
"MariachiCoins";Smartsoft;Instant Win
"asgardian rising";Smartsoft;Slot
"anubis wrath";Smartsoft;Slot
"crash duel x";Smartsoft;Crash
"skyliner";Smartsoft;Slot
"chicken drop";Smartsoft;Slot
"oishi delights";Smartsoft;Slot
"dragon tiger luck";Smartsoft;Slot
"crypto gold";Smartsoft;Slot
"buffalo win";Smartsoft;Slot
"bikini paradise";Smartsoft;Slot
"lucky piggy";Smartsoft;Slot
"double fortune";Smartsoft;Slot
"jurassic kingdom";Smartsoft;Slot
"wild heist cashout";Smartsoft;Slot
"majestic treasure";Smartsoft;Slot
"piggy gold";Smartsoft;Slot
"doomsday rampage";Smartsoft;Slot
"doublex";Smartsoft;Slot
"footballx";Smartsoft;Slot
"balloon";Smartsoft;Slot
"maverick";Smartsoft;Slot
"revenge of loki";Smartsoft;Slot
"balloon race";Smartsoft;Slot
"jack the giant hunter";Smartsoft;Slot
"waves of poseidon";Smartsoft;Slot
"3 top dogs";Smartsoft;Slot
"big bass crash";Smartsoft;Crash
"candy bonanza";Smartsoft;Slot
"jumbo safari";Smartsoft;Slot
"witch heart megaways";Smartsoft;Slot
"glorious rome";Smartsoft;Slot
"gem fire fortune";Smartsoft;Slot
"ice lobster";Smartsoft;Slot
"o vira lata caramelo";Smartsoft;Slot
"fish eye";Smartsoft;Slot
"wheel o’gold";Smartsoft;Slot
"cash surge";Smartsoft;Slot
"nile fortune";Smartsoft;Slot
"excalibur unleashed";Smartsoft;Slot
"big bass halloween";Smartsoft;Slot
"ride the lightning";Smartsoft;Slot
"3 buzzing wilds";Smartsoft;Slot
"jelly candy";Smartsoft;Slot
"bandit megaways";Smartsoft;Slot
"pig farm";Smartsoft;Slot
"finger lick'n free spins";Smartsoft;Slot
"Queen of the Irish";Spinomenal;Slot
"VOLCANO POWER HOLD & HIT 3x3";Spinomenal;Slot
"CELTIC COINS HOLD & HIT 3x3";Spinomenal;Instant Win
"SUPER MINER GOLDEN TREASURE";Spinomenal;Slot
"Book of majestic wild buffalo";Spinomenal;Slot
"atlas unleashed";Spinomenal;Slot
"baba yaga tales";Spinomenal;Slot
"demi gods v";Spinomenal;Slot
"night wolf frozen flames";Spinomenal;Slot
"queen of the forest";Spinomenal;Slot
"estrelas da independencia";Spinomenal;Slot
"wolf fang";Spinomenal;Slot
"Aviator spribe";SPRIBE;Slot
"Pilot Chicken";SPRIBE;Slot
"mini roulette";SPRIBE;Ao Vivo
"hotline";SPRIBE;Slot
"keno";SPRIBE;Ao Vivo
"hilo";SPRIBE;Slot
"goal";SPRIBE;Instant Win
"dice";SPRIBE;Ao Vivo
"heads and tails xy";SPRIBE;Slot
"plinko";SPRIBE;Instant Win
"mines";SPRIBE;Instant Win
"Fortune Garuda 500";TaDa Gaming;Slot
"Caramelo Jogador Sortudo";TaDa Gaming;Slot
"Chicken dash (1)";TaDa Gaming;Slot
"Clover coins 3x3";TaDa Gaming;Instant Win
"Clover coins 3x5";TaDa Gaming;Instant Win
"Joker coins expanded";TaDa Gaming;Instant Win
"mines football";TaDa Gaming;Instant Win
"Cash stack";TaDa Gaming;Slot
"onça sortuda 500";TaDa Gaming;Slot
"Lucky jaguar 500";TaDa Gaming;Slot
"Chicken Dash";TaDa Gaming;Slot
"Supernova";TaDa Gaming;Slot
"Fortune Yuri 500";TaDa Gaming;Slot
"Bounty Frenzy";TaDa Gaming;Slot
"cash coin";TaDa Gaming;Slot
"Sweet Magic";TaDa Gaming;Slot
"Joker's Fortune";TaDa Gaming;Slot
"Arara da Sorte";TaDa Gaming;Slot
"Neko Neko";TaDa Gaming;Slot
"Lucky Macaw";TaDa Gaming;Slot
"3 Witch's Lamp";TaDa Gaming;Slot
"3 Lucky BaoZhu";TaDa Gaming;Slot
"Rise of Egypt";TaDa Gaming;Slot
"3 Coin Wild Horse";TaDa Gaming;Slot
"Fortune Hook";TaDa Gaming;Slot
"big bass reel repeat";TaDa Gaming;Slot
"zombie school megaways";TaDa Gaming;Slot
"argonauts";TaDa Gaming;Slot
"lucky tiger tadagaming";TaDa Gaming;Slot
"lucky jaguar 2 tadagaming";TaDa Gaming;Slot
"fortune coins";TaDa Gaming;Instant Win
"fruity wheel";TaDa Gaming;Slot
"coin tree";TaDa Gaming;Slot
"crash puck";TaDa Gaming;Crash
"10 sparkling crown";TaDa Gaming;Slot
"mines grand";TaDa Gaming;Instant Win
"bikini lady";TaDa Gaming;Slot
"golden treasure";TaDa Gaming;Slot
"golden bank 2";TaDa Gaming;Slot
"golden bank";TaDa Gaming;Slot
"joker coins";TaDa Gaming;Instant Win
"rapid gems 777";TaDa Gaming;Slot
"lucky jaguar";TaDa Gaming;Slot
"royal shooter";TaDa Gaming;Slot
"trial phoenix";TaDa Gaming;Slot
"shogun";TaDa Gaming;Slot
"pirate queen 2";TaDa Gaming;Slot
"safari mistery";TaDa Gaming;Slot
"ocean king jackpot";TaDa Gaming;Slot
"nightfall hunting darkreel";TaDa Gaming;Slot
"neko fortune";TaDa Gaming;Slot
"mines gold";TaDa Gaming;Instant Win
"mega ace";TaDa Gaming;Slot
"mayan empire";TaDa Gaming;Slot
"king arthur";TaDa Gaming;Slot
"fortune roulette 5000x";TaDa Gaming;Ao Vivo
"egypts glow";TaDa Gaming;Slot
"dinosaur tycon 2";TaDa Gaming;Slot
"arena figther";TaDa Gaming;Slot
"agent ace";TaDa Gaming;Slot
"Vortex";Turbo Games;Slot
"CrashX";Turbo Games;Crash
"Aero";Turbo Games;Crash
"777 ultra hold";Wazdan;Slot